tweet_id,username,text,created_at,location,source,url
1554517205223604224,Prince6Ivy,Mitaka is already an S tier character,2022-08-02 17:19:17+00:00,he/him 17 bi,Twitter for iPhone,https://twitter.com/Prince6Ivy/status/1554517205223604224
1554517644518100992,heedowlw,"mitaka and yoru's duo, im gonna get so attached to them https://t.co/a887sHMU8O",2022-08-02 17:21:02+00:00,she they filo ,Twitter for Android,https://twitter.com/heedowlw/status/1554517644518100992
1554518127010095104,DropIntoManga,Just played with a Riichi City player whose Discord avatar is Mitaka/War Devil. Chainsaw Man lovers on mahjong platforms unite.,2022-08-02 17:22:57+00:00,New York,Twitter Web App,https://twitter.com/DropIntoManga/status/1554518127010095104
1554518499816800256,stsgou,omfg AAAAAAAAA what keeps me going is knowing that shoko ieiri and asa mitaka are both intps HSHASBBDHF A WIN FOR ME IG &gt;///////&lt;,2022-08-02 17:24:26+00:00,,Twitter for Android,https://twitter.com/stsgou/status/1554518499816800256
1554518949261221888,heedowlw,mitaka probably wont even notice that she'll be attached to yoru https://t.co/5tqloXJYew,2022-08-02 17:26:13+00:00,she they filo ,Twitter for Android,https://twitter.com/heedowlw/status/1554518949261221888
1554523375866769408,ocampolakan,loving the mitaka and yoru duo &lt;333,2022-08-02 17:43:49+00:00,,Twitter Web App,https://twitter.com/ocampolakan/status/1554523375866769408
1554526165913800705,Qweken8,"Seems like Ms. Megaman (Yoru) Is the weakest horseman. base Yoru is below kobeni considering she can't handel a man bat. Likely she'll get busted once mitaka starts smoking niggas. 
#chainsawman #chainsawman101 https://t.co/RutG53sqGi",2022-08-02 17:54:54+00:00,in the void,Twitter Web App,https://twitter.com/Qweken8/status/1554526165913800705
1554528996603400195,BlueTempest_,"Streaming the new #ChainsawMan chapter TONIGHT at 8PM ET! Be there or be square!
‚Ä¢
‚§µÔ∏è
https://t.co/blFvsFOlef
‚Ä¢
#csm #manga #shonenjump #sj #denji #asamitaka #mitaka #chainsawman101 #csm101 #vizmedia #viz #mangareader #otaku #chainsawmanpart2 #tatsukifujimoto https://t.co/4Xy8rwg8rE",2022-08-02 18:06:09+00:00,,Twitter for iPhone,https://twitter.com/BlueTempest_/status/1554528996603400195
1554537081711755264,paglingas,Yep keep flooding me mitaka fas !!,2022-08-02 18:38:16+00:00,infp | 20,Twitter for Android,https://twitter.com/paglingas/status/1554537081711755264
1554537404974891009,Createmigraine,"I like the potential of a training arc, and Mitaka having limited control over when her body can be taken over like Yuji and Sukuna, so Yoru can't just start killing people left and right. Learning to control war could be an interesting twist. https://t.co/QDyYN0ekKz",2022-08-02 18:39:33+00:00,,Twitter Web App,https://twitter.com/Createmigraine/status/1554537404974891009
1554537484662751232,BVeganTravels,"For #HotVlogSummer day 2, we're going on a food adventure around #Tokyo.

#Japan #Mitaka #Shinjuku #Vegan #PlantBased #Vlog #Summer2022 #Foodie #YouTube 

https://t.co/2m4xmqXduI @YouTube https://t.co/qT8oXl8CIg",2022-08-02 18:39:52+00:00,"Tokyo-to, Japan",Twitter Web App,https://twitter.com/BVeganTravels/status/1554537484662751232
1554545497297358848,iheihai,so the war devil got a name. good bc i was annoyed with everyone calling her mitaka,2022-08-02 19:11:43+00:00,26 ‚Ä¢ she/her,Twitter for iPhone,https://twitter.com/iheihai/status/1554545497297358848
1554553089256230912,lomlquanxi_,yoku is so in love with mitaka i just know it,2022-08-02 19:41:53+00:00,üáµüá≠  ‚Ä¢lesbian ‚Ä¢ she/they ‚Ä¢ 06,Twitter Web App,https://twitter.com/lomlquanxi_/status/1554553089256230912
1554568254785343488,Sharonnotamashi,"#chainsawman101 
Interesting how we got a proper name for the war devil, I like how both of their names show the light and darkness of this odd relationship. Hoping Yoru's plan for Yukon and eventually Denji changes as she keeps interacting with Mitaka but...yeah https://t.co/J4NE0rU6OK",2022-08-02 20:42:09+00:00,North Shirahebi Shrine üêç,Twitter for Android,https://twitter.com/Sharonnotamashi/status/1554568254785343488
1554575159314395137,sleepyshaynoo,you either die a mitaka or live long enough to see yourself become yoru https://t.co/Nnm5ocg77u,2022-08-02 21:09:35+00:00,‚Äî she her 16„Ö§„Ö§„Ö§„Ö§„Ö§„Ö§„Ö§„Ö§„Ö§„Ö§„Ö§„Ö§„Ö§„Ö§„Ö§„Ö§„Ö§„Ö§,Twitter for Android,https://twitter.com/sleepyshaynoo/status/1554575159314395137
1554581940946206723,bololelo,ChainsawMan¬¥s Thursday #chainsawman #mitaka_asa https://t.co/P4PhDKZcfT,2022-08-02 21:36:32+00:00,Ecuador,Twitter Web App,https://twitter.com/bololelo/status/1554581940946206723
1554582290075979779,RogerMayweathe2,"I think the war devil is going to sacrifice Asa Mitaka and turn herself into a super powerful weapon. I think the War Devil is going to get become friends and actually genuinely care for Mitaka, but betray her since the more guilt the war devil feels, the more powerful the weapon https://t.co/ndc6ZLuxE6",2022-08-02 21:37:55+00:00,,Twitter Web App,https://twitter.com/RogerMayweathe2/status/1554582290075979779
1554589159121031169,applejee_,"she‚Äôs pathetic she‚Äôs a loser‚Ä¶‚Ä¶ i didn‚Äôt say her name but she came to mind didn‚Äôt she.

asa mitaka. https://t.co/vJHw82zBZC",2022-08-02 22:05:13+00:00,üá¶üá∫,Twitter for iPhone,https://twitter.com/applejee_/status/1554589159121031169
1554589819191304195,muchushroom,I'm beginning to be attached to Yuko and Mitaka so I know something bad gonna happened to them,2022-08-02 22:07:50+00:00,I'm a pi√±ata,Twitter for Android,https://twitter.com/muchushroom/status/1554589819191304195
1554600163435548674,REMWIFEYY,"asa mitaka is gay &amp; in love with yuko its true, she told me herself! https://t.co/dl1HyTc3De",2022-08-02 22:48:56+00:00,all prns ‚Ä¢ lesbian ‚Ä¢ black,Twitter Web App,https://twitter.com/REMWIFEYY/status/1554600163435548674
1554604348256264203,fairystara,"Mitaka on the daily 
#chainsawman https://t.co/9uRe8Lb69I",2022-08-02 23:05:34+00:00,they/them - 16 - filo & black ,Twitter for iPhone,https://twitter.com/fairystara/status/1554604348256264203
1554606695086981120,HagoromoMenma,"This week's Chainsaw Man Part 2 chapter was a great one. Loved the continual focus on the inner-dyanmic between the War Devil (now nicknamed Yoru) &amp; Mitaka. Cool to see it be a key focal point of pt 2. Lots of great panels too, plus the cliffhanger was a nice one to end on üôÇ https://t.co/vTMuuPd5Aw",2022-08-02 23:14:53+00:00,New Zealand,Twitter Web App,https://twitter.com/HagoromoMenma/status/1554606695086981120
1554606742641602561,beamreze,she had this long sword all this time asa mitaka is a warrior here wow https://t.co/lYovNOq4J0,2022-08-02 23:15:05+00:00,,Twitter for iPhone,https://twitter.com/beamreze/status/1554606742641602561
1554610345708331010,dnbooru,"World
#chainsaw_man
Characters
#mitaka_asa
#war_devil_chainsaw_man
Artist
#sleepless_wrysmile https://t.co/KvyjW9JgtN",2022-08-02 23:29:24+00:00,Tokyo,Danbooru Bot,https://twitter.com/dnbooru/status/1554610345708331010
1554618121918369792,q9OTQs0xasBO5Hs,"Sakura Wars Poster Mitaka City Waterworks Department, Tokyo not for sale B2
https://t.co/EmJfiAS0q9",2022-08-03 00:00:18+00:00,,Twitter Web App,https://twitter.com/q9OTQs0xasBO5Hs/status/1554618121918369792
1554618438676611073,heshankolitha1,"Asa Mitaka - Chainsaw Man 
What do you guys think of the #youtube thumbnail 

#asamitaka  #chainsawman #wardevil https://t.co/emsl1AZu3Z",2022-08-03 00:01:33+00:00,Sri Lanka,Twitter Web App,https://twitter.com/heshankolitha1/status/1554618438676611073
1554619207828078592,heshankolitha1,"Few variation of Asa Mitaka. Which one do you like?
#„ÉÅ„Çß„É≥„ÇΩ„Éº„Éû„É≥ #chainsawman #manga   
#asamitaka #wardevil https://t.co/kLkeMwd67x",2022-08-03 00:04:37+00:00,Sri Lanka,Twitter Web App,https://twitter.com/heshankolitha1/status/1554619207828078592
1554622569344794624,hyegumi,mitaka should always be scared so the war devil cant take over /hj,2022-08-03 00:17:58+00:00,she/her,Twitter for Android,https://twitter.com/hyegumi/status/1554622569344794624
1554624305484668928,hyegumi,"we're seeing the bat devil again but this time with mitaka and yuko,, does it mean something",2022-08-03 00:24:52+00:00,she/her,Twitter for Android,https://twitter.com/hyegumi/status/1554624305484668928
1554629288363786245,xGabbyNu,Asa Mitaka for ANYC?? üëÅüëÑüëÅ https://t.co/R2K5LWc7Vt,2022-08-03 00:44:40+00:00,NYC/NJ,Twitter for iPhone,https://twitter.com/xGabbyNu/status/1554629288363786245
1554637007506268161,lunartsv,a line da mitaka https://t.co/5JD3KjeD1U,2022-08-03 01:15:21+00:00,ela/dela,Twitter Web App,https://twitter.com/lunartsv/status/1554637007506268161
1554642558927650816,MatiComics64,"THE WAR DEVIL 
Asa Mitaka from Chainsaw Man
#„ÉÅ„Çß„É≥„ÇΩ„Éº„Éû„É≥ #chainsawman https://t.co/e9ohyrRDNM",2022-08-03 01:37:24+00:00,"Santiago, Chile",Twitter Web App,https://twitter.com/MatiComics64/status/1554642558927650816
1554646765202452480,hyegumi,"asa mitaka my onglydoople . . .

#chainsawman #„ÉÅ„Çß„É≥„ÇΩ„Éº„Éû„É≥ https://t.co/XVm9kAO3yW",2022-08-03 01:54:07+00:00,she/her,Twitter for Android,https://twitter.com/hyegumi/status/1554646765202452480
1554647111844515840,soubusen7,The next station is MITAKA,2022-08-03 01:55:30+00:00,ÂçÉËëâÔΩû‰∏âÈ∑π,twittbot.net,https://twitter.com/soubusen7/status/1554647111844515840
1554650337994280962,chuuyaswims,ik shes not using it as slang but the war devil calling mitaka ‚Äògirl‚Äô is so funny to me,2022-08-03 02:08:19+00:00,he/him ‚Ä¢ twenty ‚Ä¢ eng/fr,Twitter for iPhone,https://twitter.com/chuuyaswims/status/1554650337994280962
1554659571301752833,vermilli000n,"I regret how Fujimoto can make Asa Mitaka and Yoru to be likeable duo because I know it's CSM and the first rule reading it is to never have a favorite character, especially if they're girls.",2022-08-03 02:45:00+00:00,,Twitter for Android,https://twitter.com/vermilli000n/status/1554659571301752833
1554664346344718336,rainyxink,I sincerely believe that mitaka would love and connect to both wilbur and lovejoy‚Äôs music lmao the lyrics are up there with her character.,2022-08-03 03:03:59+00:00,aroace - 23 - rey,Twitter for iPhone,https://twitter.com/rainyxink/status/1554664346344718336
1554664641623916549,alexkorenori,37C in Mitaka.  Hot. https://t.co/P1Pg973RIj,2022-08-03 03:05:09+00:00,Tokyo,Twitter Web App,https://twitter.com/alexkorenori/status/1554664641623916549
1554666194812096512,jo_isnot_nice,Ordering a mad expensive custom asa mitaka necklace from a artist moot hehehehe v excited!,2022-08-03 03:11:19+00:00,,Twitter for iPhone,https://twitter.com/jo_isnot_nice/status/1554666194812096512
1554666604109377536,Why0hWhyy,"Asa Mitaka and Yoru

The new Shit Twins

Their interactions felt like siblings bickering lmao https://t.co/hK61eCi2bd",2022-08-03 03:12:57+00:00,in a really bad country rn,Twitter for Android,https://twitter.com/Why0hWhyy/status/1554666604109377536
1554668109918867458,mtwrld,kinda wanna doodle mitaka from csm,2022-08-03 03:18:56+00:00,she/her 19,Twitter for iPhone,https://twitter.com/mtwrld/status/1554668109918867458
1554668119389777921,phfotograph,nobody's attractive than asa mitaka,2022-08-03 03:18:58+00:00,him,Twitter Web App,https://twitter.com/phfotograph/status/1554668119389777921
1554668406380838913,alexkorenori,"üò≥ I found _these_ yellow chillies at Mitaka farmers market!  

I think they‚Äôre probably the hottest Japanese chili variety.  

Not sure what I should make with them yet.  Yellow harrissa!?  What a find!‚úä https://t.co/qYpp4cJQpz",2022-08-03 03:20:07+00:00,Tokyo,Twitter Web App,https://twitter.com/alexkorenori/status/1554668406380838913
1554669108486361088,togetote,#chainsawman wait if she thinks so could she actually be one of the main leads as a devil hunter alongside asa mitaka and won't actually die https://t.co/L12rEvndqp,2022-08-03 03:22:54+00:00,any prns 18 SE asian,Twitter Web App,https://twitter.com/togetote/status/1554669108486361088
1554675487586271233,yuhong_ding,"Thinking about painting a fan art for Makima or Asa Mitaka...
Well i‚Äòm waiting for that spark",2022-08-03 03:48:15+00:00,New York,Twitter for iPhone,https://twitter.com/yuhong_ding/status/1554675487586271233
1554675895704616960,binnyrin,"me reading that the war devil can‚Äôt take over when mitaka is scared shitless: o thank god

me realizing how that can and will be used for emotional damage: wait",2022-08-03 03:49:52+00:00,Inaba,Twitter for iPhone,https://twitter.com/binnyrin/status/1554675895704616960
1554676974676615170,yukizhien,i thought i missed a lot on csm alr- anw might draw mitaka&lt;3,2022-08-03 03:54:09+00:00,ph,Twitter for Android,https://twitter.com/yukizhien/status/1554676974676615170
1554679076249427969,togetote,#chainsawman interpreting this into asa mitaka liking yuko romantically https://t.co/tjB27YEW0Y,2022-08-03 04:02:30+00:00,any prns 18 SE asian,Twitter Web App,https://twitter.com/togetote/status/1554679076249427969
1554681445859602432,petifridge,I‚Äôve seen so much mitaka tiktoks ughh i want to read chainsaw man again,2022-08-03 04:11:55+00:00,,Twitter for iPhone,https://twitter.com/petifridge/status/1554681445859602432
1554681974425432066,eliciteovis,Unfortunately I'm just like mitaka,2022-08-03 04:14:01+00:00,,Twitter for Android,https://twitter.com/eliciteovis/status/1554681974425432066
1554688588348014593,flcloster,i am sick of this mitaka bitch IDC ABOUT YOU AT ALL !!!!!!!!!!,2022-08-03 04:40:18+00:00,ùêñùêöùê≠ùêúùê° ùêÖùêãùêÇùêã !„Ää„Äãùô∑ùô¥ / ùô∑ùô∏ùôº - ùü∏ùü∂„Ää„Äã@imangaka_ üóø,Twitter Web App,https://twitter.com/flcloster/status/1554688588348014593
1554691771145195520,_skitterpan,asa mitaka haters are too weak and will not survive the climate calamity,2022-08-03 04:52:57+00:00,xe/xem/xyr,Twitter for Android,https://twitter.com/_skitterpan/status/1554691771145195520
1554698501480914946,oogaamii,my wig just arrived i can cosplay asa mitaka now https://t.co/M2hhKkerH6,2022-08-03 05:19:42+00:00,bro kaeya is so hmzksk,Twitter for Android,https://twitter.com/oogaamii/status/1554698501480914946
1554700286681292801,rainyxink,mitaka is gloomy and acrid enough that I think she‚Äôd like alt or dark streetwear fashion [hand itching to draw],2022-08-03 05:26:47+00:00,aroace - 23 - rey,Twitter for iPhone,https://twitter.com/rainyxink/status/1554700286681292801
1554709366594752513,shaineyall,"When war devil said ""back away SLOWLY and QUIETLY""

what Asa Mitaka actually did.. ü•≤ #chainsawman https://t.co/uxFq5JcxvQ",2022-08-03 06:02:52+00:00,MANILA üáµüá≠,Twitter for Android,https://twitter.com/shaineyall/status/1554709366594752513
1554710779408302080,ayampedasmcd,me and asa mitaka are just the same fr. lonely and fighting my demons,2022-08-03 06:08:29+00:00,AAAAAAAAAA,Twitter for iPhone,https://twitter.com/ayampedasmcd/status/1554710779408302080
1554711362856697857,HeyLookEgg,"I like how the War Devil goes by Yoru not only bc it means night and is the opposite of Mitaka's name (Asa, which means day) but I'm willing to bet it's also bc its original form is a square little owl https://t.co/quMpDWjHpt",2022-08-03 06:10:48+00:00,,Twitter for Android,https://twitter.com/HeyLookEgg/status/1554711362856697857
1554711587524526080,deaddemonfae,yuko basically asked out mitaka,2022-08-03 06:11:42+00:00,17 y/o ; STRICTLY he/him ,Twitter for iPhone,https://twitter.com/deaddemonfae/status/1554711587524526080
1554712576176492544,AirRapid_HE433,"Car No.‚ë¶
[Local] for Mitaka.
Funabashi[JB31] soon.",2022-08-03 06:15:37+00:00,‚ùÆSY13‚ùØËàûÂ≠êÂÖ¨Âúí(ÂÖµÂ∫´Áúå Á•ûÊà∏Â∏Ç),Twitter for Android,https://twitter.com/AirRapid_HE433/status/1554712576176492544
1554714469166526464,griffinp_10,"Omg I like this revelation that Yoru can't take over Mitaka's body when she's overcome with fear. Looking forward to the altercation with the Bat Devil next chapter. This will force Mitaka to grow quicker, and more.",2022-08-03 06:23:09+00:00,üá∫üá∏,Twitter for iPhone,https://twitter.com/griffinp_10/status/1554714469166526464
1554715270501236736,novakoga,mitaka following everyone and their mothers but me.... my villain origin story,2022-08-03 06:26:20+00:00,"Supernova's ÊôÉÁâô.
19(21). He/Him. ",Twitter for iPhone,https://twitter.com/novakoga/status/1554715270501236736
1554715439259090944,WoiJoi,God I should've drawn Mitaka doing this shi https://t.co/M6nlgMcI2f,2022-08-03 06:27:00+00:00,üèñÔ∏è,Twitter for Android,https://twitter.com/WoiJoi/status/1554715439259090944
1554715712530182149,hirofuminova,mitaka said she‚Äôs scared of getting s worded,2022-08-03 06:28:05+00:00,"Supernova‚Äôs ÂêâÁî∞ÂçöÊñá.
17(22). He/They. ",Twitter for iPhone,https://twitter.com/hirofuminova/status/1554715712530182149
1554715804834603009,novakoga,mitaka you might as well just spit on me and push me off the stairs stop being passive aggressive FR,2022-08-03 06:28:27+00:00,"Supernova's ÊôÉÁâô.
19(21). He/Him. ",Twitter for iPhone,https://twitter.com/novakoga/status/1554715804834603009
1554716364710895616,chambernova,welcome mitaka! üåπ,2022-08-03 06:30:41+00:00,"SUPERNOVA, 28 (23) he/him, nd.",Twitter for Android,https://twitter.com/chambernova/status/1554716364710895616
1554716943894032384,danish_fdzl,Might pick up chainsaw man again bcs of asa mitaka alone,2022-08-03 06:32:59+00:00,,Twitter for iPhone,https://twitter.com/danish_fdzl/status/1554716943894032384
1554735996440289280,mikaackermanss,goddd i need to cosplay reze again (in a hoodie bc i can‚Äôt pull off her canon outfits) and try mitaka,2022-08-03 07:48:41+00:00,i heart aot men,Twitter for iPhone,https://twitter.com/mikaackermanss/status/1554735996440289280
1554745644790648832,angeldevilnova,"Mitaka, u ok over there",2022-08-03 08:27:02+00:00,Supernova,Twitter for iPhone,https://twitter.com/angeldevilnova/status/1554745644790648832
1554747019314561025,chambernova,"farewell, itto and mitaka! üåπ",2022-08-03 08:32:29+00:00,"SUPERNOVA, 28 (23) he/him, nd.",Twitter for Android,https://twitter.com/chambernova/status/1554747019314561025
1554749350676668416,epppyyy,"Maybe we don't know who Mitaka was from Part 1

But is there a chance that we could've seen her parents in Part 1?",2022-08-03 08:41:45+00:00,India,Twitter for Android,https://twitter.com/epppyyy/status/1554749350676668416
1554768603013976064,AirRapid_HE433,"Car No.‚ë†
[Ome Special Rapid] for Tokyo.
Mitaka[JC12] soon.",2022-08-03 09:58:15+00:00,‚ùÆSY13‚ùØËàûÂ≠êÂÖ¨Âúí(ÂÖµÂ∫´Áúå Á•ûÊà∏Â∏Ç),Twitter for Android,https://twitter.com/AirRapid_HE433/status/1554768603013976064
1554769035128086528,MobHalo_,Yuko and Mitaka cool n all but we need to send in the goat https://t.co/kXR0WuoQyL,2022-08-03 09:59:58+00:00,Cool blue tent,Twitter for Android,https://twitter.com/MobHalo_/status/1554769035128086528
1554789429142773765,skinnification,shes literally me ‚Ä¶ fujimoto created mitaka for the girls https://t.co/PmpT02wmK5,2022-08-03 11:21:01+00:00,edtwt,Twitter for iPhone,https://twitter.com/skinnification/status/1554789429142773765
1554805576495902721,hirofuminova,mitaka taking away my twitter privileges &lt;////3,2022-08-03 12:25:10+00:00,"Supernova‚Äôs ÂêâÁî∞ÂçöÊñá.
17(22). He/They. ",Twitter for iPhone,https://twitter.com/hirofuminova/status/1554805576495902721
1554806438005972994,hisakawagi,"tw gore + body horror
-
-
-
-
asa mitaka/war devil doing normal devil things 
#„ÉÅ„Çß„É≥„ÇΩ„Éº„Éû„É≥ #chainsawman https://t.co/vsh6WpsXdK",2022-08-03 12:28:36+00:00,,Twitter for iPhone,https://twitter.com/hisakawagi/status/1554806438005972994
1554823774620753920,yaiisle,I just realized I named the war devil mitaka back then one of my posts on my art acc,2022-08-03 13:37:29+00:00,haru's lap,Twitter for Android,https://twitter.com/yaiisle/status/1554823774620753920
1554827480589955074,hirofuminova,mitaka just maid a sucky noise should i be concerned,2022-08-03 13:52:13+00:00,"Supernova‚Äôs ÂêâÁî∞ÂçöÊñá.
17(22). He/They. ",Twitter for iPhone,https://twitter.com/hirofuminova/status/1554827480589955074
1554835397900791816,hirofuminova,MITAKA LAUGHING AND CRYING IM KILLING MYSELF,2022-08-03 14:23:40+00:00,"Supernova‚Äôs ÂêâÁî∞ÂçöÊñá.
17(22). He/They. ",Twitter for iPhone,https://twitter.com/hirofuminova/status/1554835397900791816
1554843733765804032,pencrypt2,"Edited myself as a boy(?) Version of Asa Mitaka from chainsaw man

#chainsawman #MitakaAsa #manipulationedit #ibisPaintX https://t.co/2p8zs9yENa",2022-08-03 14:56:48+00:00,,Twitter for Android,https://twitter.com/pencrypt2/status/1554843733765804032
1554844629673005056,angeldevilnova,"Continue with your work, mitaka",2022-08-03 15:00:21+00:00,Supernova,Twitter for iPhone,https://twitter.com/angeldevilnova/status/1554844629673005056
1554847963779776512,ustadbonten,"umm... not you bby, but mitaka is https://t.co/MUzaioDHFk",2022-08-03 15:13:36+00:00,21+ | she/they,Twitter for Android,https://twitter.com/ustadbonten/status/1554847963779776512
1554856412773482496,uta_ne03,"Asa Mitaka is giving me LIFE 

#chainsawman #asamitaka #artph #digitalart #chainsawmanfanart #FANART #artists #artmoots https://t.co/jhrq1g39JE",2022-08-03 15:47:11+00:00,,Twitter for Android,https://twitter.com/uta_ne03/status/1554856412773482496
1554861166886653953,fiscjl,ASA MITAKA ARE YOU THE NEW MAKIMA?????? https://t.co/qBkfsQ76YC,2022-08-03 16:06:04+00:00,21 seijoh4,Twitter for iPhone,https://twitter.com/fiscjl/status/1554861166886653953
1554863317411315715,mitakalover,"The name Yoru means ,,night'' which makes sense because Asa's life, since meeting War Devil, has been shrouded in darkness.
Btw ,,Yoru'' sounds so coolüåÉ
#chainsawman101 #chainsawman #Mitaka https://t.co/gjT2rCLIfb",2022-08-03 16:14:37+00:00,Polska,Twitter Web App,https://twitter.com/mitakalover/status/1554863317411315715
1554867024022708225,visstrapon,Mitaka cosplay ü§ç https://t.co/seOeuOThg4,2022-08-03 16:29:21+00:00,she/her |20|,Twitter for iPhone,https://twitter.com/visstrapon/status/1554867024022708225
1554869346039742466,mitakalover,"This chapter gives a whole lot of information regarding War Devil's power. There appear to be some gaps in her control of the body. I wonder if during other extreme emotions like wrath or happiness Yoru will also be unable to take over Mitaka's body.
#chainsawman101 #chainsawman https://t.co/s0KLVexnse",2022-08-03 16:38:34+00:00,Polska,Twitter Web App,https://twitter.com/mitakalover/status/1554869346039742466
1554876206981722112,origamhi,i'll throw the taehyun and yujin hs ideas in an idea dump moment together with my mitaka ryujin idea m,2022-08-03 17:05:50+00:00,"
writer's account, he/they, 21, agender

Ah, yes, I have a new contract here. 
Care to take a look at it together ? 

ic: mob110119
„Ö§",Twitter for iPhone,https://twitter.com/origamhi/status/1554876206981722112
1554883809027403777,vault_psycho,guys should i cosplay asa mitaka or aki to kumoricon this year,2022-08-03 17:36:03+00:00,USA,Twitter for iPhone,https://twitter.com/vault_psycho/status/1554883809027403777
1554885777611685888,origamhi,there is NOBODY and i mean NOBODY i could think of who could fit mitaka / war devil more than miss shin ryujin https://t.co/4DrYiGNCT4,2022-08-03 17:43:52+00:00,"
writer's account, he/they, 21, agender

Ah, yes, I have a new contract here. 
Care to take a look at it together ? 

ic: mob110119
„Ö§",Twitter for iPhone,https://twitter.com/origamhi/status/1554885777611685888
1554894365503496194,LeShortDude,"Yoru, the War Devil
(of course, using her delicious meat puppet, Asa Mitaka)

#chainsawman #chainsawmanfanart #csm„Éó„É©„Çπ #csm #volatilearts #volatile #asamitaka #yoru
#wardevil https://t.co/8j0nAheEjH",2022-08-03 18:17:59+00:00,Fuckersberg,Twitter Web App,https://twitter.com/LeShortDude/status/1554894365503496194
1554896527008612352,lesbiotd,"the first lesbian character otd is Asa Mitaka from Chainsaw Man.
they use she / they / he pronouns and is an agender aroace lesbian
[ headcanon ] https://t.co/req0Cr8fOm",2022-08-03 18:26:35+00:00,they / ve / she / vamp +++,Twitter for iPhone,https://twitter.com/lesbiotd/status/1554896527008612352
1554901255360765952,dopeamine_kitty,Something about Dopheld Mitaka. He just looks like he would nut in two seconds https://t.co/gQIWp9gBg9,2022-08-03 18:45:22+00:00,,Twitter for Android,https://twitter.com/dopeamine_kitty/status/1554901255360765952
1554927057003597828,lovelysnakey,"i think that mitaka and yuka should kiss with tongue, really passionately, and they should lick eachother's pussies",2022-08-03 20:27:54+00:00,Your house,Twitter Web App,https://twitter.com/lovelysnakey/status/1554927057003597828
1554935442243461121,emoprinxe666,i think i might do closet cosplay of mitaka tmrw lol gotta take advantage of my black hair,2022-08-03 21:01:13+00:00,they/them 20,Twitter for Android,https://twitter.com/emoprinxe666/status/1554935442243461121
1554966366318235653,BerkleyBearNews,Chainsaw Man Cosplay Focuses on The New War Devil https://t.co/0d2S7h3QsZ #cosplay #Manga #Animegenre #ChainsawMan,2022-08-03 23:04:06+00:00,Doghouse,dlvr.it,https://twitter.com/BerkleyBearNews/status/1554966366318235653
1554967815437918209,KlLLCHAINSAWMAN,/ okay so I‚Äôm gonna be flipping again since mitaka flopped https://t.co/6F3x7pRekK,2022-08-03 23:09:51+00:00,‚ô° no one,Twitter for iPad,https://twitter.com/KlLLCHAINSAWMAN/status/1554967815437918209
1554973786272763904,immoudest,Yoshida gifting Mitaka a necklace created by his devil ü•∞,2022-08-03 23:33:35+00:00,,Twitter for Android,https://twitter.com/immoudest/status/1554973786272763904
1554974798840602624,shiikanoinn,"i wanna post my mitaka ""cosplay"" instead but uhm lets go ig

‚Äî #ANISD #ANISDSELFIEDAY https://t.co/p2afl3HAgk",2022-08-03 23:37:36+00:00,"i. eng || indo ok!
ii. miner
iii. she/her, omni
iv. rtbyf ‚Ä¢ selective fb üå∏
v. ic paprika_il",Twitter for Android,https://twitter.com/shiikanoinn/status/1554974798840602624
1553694407093735424,hanileii,can‚Äôt wait to cosplay asa mitaka( ¬¥ ‚ñΩ ` ),2022-07-31 10:49:47+00:00,,Twitter for iPhone,https://twitter.com/hanileii/status/1553694407093735424
1553758595657117697,ahinrama,"I love her already 

#„ÉÅ„Çß„É≥„ÇΩ„Éº„Éû„É≥
#asamitaka https://t.co/uqC1qxSgxn",2022-07-31 15:04:51+00:00,mostly genshin/csm/jjk,Twitter for iPad,https://twitter.com/ahinrama/status/1553758595657117697
1553773879650394115,nymphahri,"Asa Mitaka ‚õìÔ∏è
Should I make the actual cosplay? üëÄ
#asamitaka #chainsawman #mitaka https://t.co/46QDjsvhd6",2022-07-31 16:05:35+00:00,Italia,Twitter for Android,https://twitter.com/nymphahri/status/1553773879650394115
1553789795947741184,virtudroid,my fyp on tiktok has never been worse than day one of csm part 2 and algorithm decided i wanted to see 500 asa mitaka cosplays in a row,2022-07-31 17:08:50+00:00,Aüñ§üñ§üñ§üñ§üñ§,Twitter for iPhone,https://twitter.com/virtudroid/status/1553789795947741184
1553799138751422464,spittinglass,she‚Äôs so cool thank u fujimoto &lt;3 #chainsawmanpart2 #wardevil #asamitaka #csm https://t.co/QC89mlkqbv,2022-07-31 17:45:57+00:00,"he/they/it, problematicville",Twitter for iPhone,https://twitter.com/spittinglass/status/1553799138751422464
1553830898759507970,ampvolvox,"And to start off the first Freebie Sunday heres a War Devil artwork from Chainsaw Man.
#chainsawmanpart2  #chainsawmanfanart #asamitaka https://t.co/TaAwNUuV6k",2022-07-31 19:52:09+00:00,Ukraine,Twitter Web App,https://twitter.com/ampvolvox/status/1553830898759507970
1553875502305263616,LiIyHoshikawa,Bruuuh I participated in a cosplay competition with my Asa Mitaka cosplay and for my performance i fell on my honking chicken and the jury thought I fell on accident and scared them https://t.co/3QsKMqWJX0,2022-07-31 22:49:24+00:00,,Twitter for iPhone,https://twitter.com/LiIyHoshikawa/status/1553875502305263616
1553890815075917825,heshankolitha1,"WIP - War Devil 
#„ÉÅ„Çß„É≥„ÇΩ„Éº„Éû„É≥ #chainsawman #manga   
#asamitaka https://t.co/B1xN9BuiQX",2022-07-31 23:50:14+00:00,Sri Lanka,Twitter Web App,https://twitter.com/heshankolitha1/status/1553890815075917825
1553901466708049920,mtsuyz,"war devil ^^

-
#asamitaka #chainsawmanpart2 #blkedit https://t.co/xPHvGN0a2y",2022-08-01 00:32:34+00:00,"blk aa lesbian Àñ
6teen he.him ‚≠í
txti byf ! \(Àä·óúÀã*)
white ppl dni pls /srs . . . ",Twitter for iPhone,https://twitter.com/mtsuyz/status/1553901466708049920
1553903721117110272,al1_art,"Asa Mitaka and the War Devil
#chainsawman #„ÉÅ„Çß„É≥„ÇΩ„Éº„Éû„É≥ https://t.co/Oa741NQyK7",2022-08-01 00:41:31+00:00,He/him age 18 Al/Ali ,Twitter Web App,https://twitter.com/al1_art/status/1553903721117110272
1553941644415754240,Jauntah_,Coming for you CSM! #chainsawmanpart2 #chainsawman #chainsawmanfanart #fanart #asamitaka #anime #manga https://t.co/uuGfU6xnEQ,2022-08-01 03:12:13+00:00,,Twitter Web App,https://twitter.com/Jauntah_/status/1553941644415754240
1553959198312247297,lunauvart,"Check out my first livestream video of ""Asa Mikata Art Process"". I'll be livestreaming my art processes every Tues, Thurs, Sat. https://t.co/vzxE9rHKqa
#chainsawmanpart2 #chainsawman #asamitaka #Mitaka #makima #twitch #anime #digitalart",2022-08-01 04:21:58+00:00,,Twitter for Android,https://twitter.com/lunauvart/status/1553959198312247297
1553961198521294858,chainsawbase,"Csm! WARNING SPOILER

Asa mitaka art by sender ü•∞
https://t.co/5FTklYfLtK",2022-08-01 04:29:55+00:00,rules :,Twitter for Android,https://twitter.com/chainsawbase/status/1553961198521294858
1554003821986459648,makki0__0,"""shall i make you my boyfriend?""
#csm #chainsawman #asamitaka https://t.co/He70blKQJC",2022-08-01 07:19:17+00:00,he/she/they,Twitter for Android,https://twitter.com/makki0__0/status/1554003821986459648
1554005239388577792,chandrathecat,"war devil's warm up kill!!
.
.
#chainsawman #chainsawmanpart2 #asamitaka #wardevil https://t.co/RRn20Jm4JN",2022-08-01 07:24:55+00:00,,Twitter Web App,https://twitter.com/chandrathecat/status/1554005239388577792
1554018097690202118,kkerokerrofi_,a quick art of asa mitaka https://t.co/tdlaLeoNIi,2022-08-01 08:16:01+00:00,ph | 05,Twitter for Android,https://twitter.com/kkerokerrofi_/status/1554018097690202118
1554043606587023362,altvmn,"reposting bc she has red eyes LMAO

#„ÉÅ„Çß„É≥„ÇΩ„Éº„Éû„É≥2ÈÉ® #„ÉÅ„Çß„É≥„ÇΩ„Éº„Éû„É≥ #asamitaka #chainsawman2 #chainsawman #fanart https://t.co/AYzDFAv8UD",2022-08-01 09:57:23+00:00,any pronouns,Twitter for iPhone,https://twitter.com/altvmn/status/1554043606587023362
1554082224487952384,jhksy_,i want asa mitaka,2022-08-01 12:30:50+00:00,lia ü§ç,Twitter for iPhone,https://twitter.com/jhksy_/status/1554082224487952384
1554096146527780864,anothergiselle,Asa Mitaka sketches I did the other day https://t.co/yX1519xuVz,2022-08-01 13:26:09+00:00,vzla (arepa frita),Twitter Web App,https://twitter.com/anothergiselle/status/1554096146527780864
1554099904741785601,penumbrateaa,I believe in Asa Mitaka supremacy https://t.co/HZweDT03yI,2022-08-01 13:41:05+00:00,ur heart,Twitter for Android,https://twitter.com/penumbrateaa/status/1554099904741785601
1554113023526445057,currynasimba,"NOBODY TALK SHIT ABOUT ASA MITAKA, THIS IS AN ASA MITAKA SUPREMACY ACCOUNT https://t.co/4HY1xquARp",2022-08-01 14:33:13+00:00,Indonesia üá≤üá®,Twitter for iPhone,https://twitter.com/currynasimba/status/1554113023526445057
1554121032348442627,olya_fry,"Look at me

#chainsawman #„ÉÅ„Çß„É≥„ÇΩ„Éº„Éû„É≥ #asamitaka https://t.co/8vngauNSwg",2022-08-01 15:05:02+00:00,Somewhere in the Earth,Twitter for iPad,https://twitter.com/olya_fry/status/1554121032348442627
1554137151666790400,masumiltachi,i love asa mitaka i am her #1 apologist whatever she does i will stand behind her . she is my wife,2022-08-01 16:09:06+00:00,,Twitter for iPhone,https://twitter.com/masumiltachi/status/1554137151666790400
1554148414925012994,7LuckyChi,"As fun as my little mini road trip vacation was... It did set me off course for this past weekend, but I am glad to be spending some time talking about this milestone chapter in #ChainsawMan as we continue to follow #AsaMitaka with her new club memebers.

https://t.co/xKOP1MCOor",2022-08-01 16:53:51+00:00,Texas,Twitter Web App,https://twitter.com/7LuckyChi/status/1554148414925012994
1554174694017810432,dummii4u,"I'll make a sword out of your spinal cord.

-- war devil; asa mitaka // chainsaw man https://t.co/gVuJtJeTPV",2022-08-01 18:38:16+00:00,isekai,Twitter Web App,https://twitter.com/dummii4u/status/1554174694017810432
1554181162784157696,angelnasse,"If you want to live, your body will be mine -war devil

#asamitaka #wardevil #wardevilchainsawman #chainsawman #chainsawmancosplay #asamitakacosplay #wardevilcosplay https://t.co/Yc816YyXgC",2022-08-01 19:03:59+00:00,,Twitter for Android,https://twitter.com/angelnasse/status/1554181162784157696
1554222685441339392,xyvunie,is asa mitaka pfp so intimadating to you guys??,2022-08-01 21:48:58+00:00,they/them,Twitter for Android,https://twitter.com/xyvunie/status/1554222685441339392
1554244554630598660,_its_Clau,Asa Mitaka the queen you are https://t.co/ajbDy6jClV,2022-08-01 23:15:52+00:00,With Marc Spector ‚òæ,Twitter Web App,https://twitter.com/_its_Clau/status/1554244554630598660
1554273551074541569,aematerasu,"I've decided to join Asa Mitaka, to be her best, and strongest weapon üëãüèª",2022-08-02 01:11:06+00:00,He/They,Twitter for Android,https://twitter.com/aematerasu/status/1554273551074541569
1554347330127937537,durararaxx,i rlly need sum money and make up for cosplay damn i rlly wanna cosplay asa mitaka,2022-08-02 06:04:16+00:00,,Twitter Web App,https://twitter.com/durararaxx/status/1554347330127937537
1554370876505825281,jujeode,Shitty drawing of asa mitaka and war devil üíï https://t.co/gtmq8x1u00,2022-08-02 07:37:50+00:00,,Twitter for iPhone,https://twitter.com/jujeode/status/1554370876505825281
1554392020764041218,heshankolitha1,"Asa Mitaka - Painting Process 
Have a look - https://t.co/9Q00JWsGrT

#chainsawmanfanart #‰∏âÈ∑π„Ç¢„Çµ #asamitaka
#„ÉÅ„Çß„É≥„ÇΩ„Éº„Éû„É≥   #csm„Éó„É©„Çπ  #anime",2022-08-02 09:01:51+00:00,Sri Lanka,Twitter Web App,https://twitter.com/heshankolitha1/status/1554392020764041218
1554405676239278080,Sn1ke__,"Asa Mitaka, The war devil
First Fan art 
#chainsawmanpart2 #csm„Éó„É©„Çπ https://t.co/ewOfvucxD9",2022-08-02 09:56:07+00:00,In my house,Twitter for Android,https://twitter.com/Sn1ke__/status/1554405676239278080
1554430568087130115,Kejranaros,asa mitaka (war devil) edit // the perfect girl #coub https://t.co/vycgpkzllx https://t.co/X2uvc3ojUW,2022-08-02 11:35:02+00:00,,Coub ,https://twitter.com/Kejranaros/status/1554430568087130115
1554485156030754818,qwynxi,asa mitaka ur so pretty why https://t.co/EGK2Mn1sMa,2022-08-02 15:11:56+00:00,they/them | 19‚¨Ü | fil/eng,Twitter for Android,https://twitter.com/qwynxi/status/1554485156030754818
1554485348708892673,chobeapologist,i‚Äôm really loving the new csm chapters asa mitaka i love you,2022-08-02 15:12:42+00:00,,Twitter for iPhone,https://twitter.com/chobeapologist/status/1554485348708892673
1554486397494792193,Chainsawctopus_,she blushed i know what the fuck you are asa mitaka https://t.co/mWFxx9uAHQ,2022-08-02 15:16:52+00:00,read carrd before you follow!,Twitter Web App,https://twitter.com/Chainsawctopus_/status/1554486397494792193
1554487502919987200,animehunch,"Why does it feel like this girl will be the Aki for Asa Mitaka? üëÄ
#chainsawmanpart2 #chainsawman101 https://t.co/2HLyInwLQI",2022-08-02 15:21:16+00:00,"Mumbai, India",Twitter for Android,https://twitter.com/animehunch/status/1554487502919987200
1554487701029752832,jellycryptid,Asa Mitaka I bestow to u no gender,2022-08-02 15:22:03+00:00,Ur mom‚Äôs bed,Twitter for iPhone,https://twitter.com/jellycryptid/status/1554487701029752832
1554488301389742080,KuroMiketsu,"it's csm tuesday üòàüòàüòà have u read the new chapters yet? 
char: Asa Mitaka / War Devil
manga: Chainsaw Man
prop made by me :)
#csm #chainsawmancosplay #chainsawman #asamitaka #asukacosplay #wardevil #wardevilcosplay #coser #cosplayphoto #cosplayer https://t.co/l4vkmSzQbH",2022-08-02 15:24:26+00:00,,Twitter for Android,https://twitter.com/KuroMiketsu/status/1554488301389742080
1554489893765644290,GUCCIMITAKA,no more kpop ur on an Asa Mitaka stan account,2022-08-02 15:30:46+00:00,gg stan & exo,Twitter for iPhone,https://twitter.com/GUCCIMITAKA/status/1554489893765644290
1554491018623328256,Brandino510,I like Asa Mitaka as a protagonist,2022-08-02 15:35:14+00:00,,Twitter for Android,https://twitter.com/Brandino510/status/1554491018623328256
1554500760909537280,asamitakaslover,"they‚Äôre so beautiful&lt;333
#chainsawman #chainsawmanpart2 #asamitaka #wardevil https://t.co/6JYCVwjOLr",2022-08-02 16:13:57+00:00,she/they,Twitter for iPhone,https://twitter.com/asamitakaslover/status/1554500760909537280
1554501831526604802,DonJoaB2,"I'm obsessed with her!
#asamitaka #chainsawmanpart2 #wardevil #chainsawman #manga #chainsawmanfanart https://t.co/hBsyXQbmQM",2022-08-02 16:18:12+00:00,,Twitter Web App,https://twitter.com/DonJoaB2/status/1554501831526604802
1554511676485079042,carrotkayke,WAR DEVIL'S NAME BEING YORU WHILE WE GOT ASA MITAKA??? YORU AND ASA????? NIGHT AND DAY????,2022-08-02 16:57:19+00:00,she/her ,Twitter Web App,https://twitter.com/carrotkayke/status/1554511676485079042
1554511845289074694,ShrkKick,"#„ÉÅ„Çß„É≥„ÇΩ„Éº„Éû„É≥2ÈÉ® #ChainsawMan #„ÉÅ„Çß„É≥„ÇΩ„Éº„Éû„É≥ 
Chainsaw Man 101 | We can see Asa Mitaka grow bit by bit chapter by chapter and its definitely evident of that when she stood up to the ""War Devil"" now know as Yoru. https://t.co/VwYfGZrK38",2022-08-02 16:58:00+00:00,20 | ‚Ñì-1485 | ‚õ™Ô∏è Of Roxy,Twitter for iPhone,https://twitter.com/ShrkKick/status/1554511845289074694
1554513281301516288,tyunningg,asa mitaka and war devil‚Äôs dynamic is like yuuji and sukuna‚Äôs but war devil‚Äôs less of a cocky bastard https://t.co/AJ6P2WBFIs,2022-08-02 17:03:42+00:00,txt + woodz enjoyer,Twitter for iPhone,https://twitter.com/tyunningg/status/1554513281301516288
1554514252928794624,centaurpapi,asa mitaka. my chest. step on it pls.,2022-08-02 17:07:34+00:00,,Twitter Web App,https://twitter.com/centaurpapi/status/1554514252928794624
1554516727215554561,nonsenuser,i like how this one turned out i think #chainsawman #csm #wardevil #asamitaka https://t.co/rpNxzJIRJK,2022-08-02 17:17:23+00:00,"21, proship dni",Twitter for iPhone,https://twitter.com/nonsenuser/status/1554516727215554561
1554518499816800256,stsgou,omfg AAAAAAAAA what keeps me going is knowing that shoko ieiri and asa mitaka are both intps HSHASBBDHF A WIN FOR ME IG &gt;///////&lt;,2022-08-02 17:24:26+00:00,,Twitter for Android,https://twitter.com/stsgou/status/1554518499816800256
1554528996603400195,BlueTempest_,"Streaming the new #ChainsawMan chapter TONIGHT at 8PM ET! Be there or be square!
‚Ä¢
‚§µÔ∏è
https://t.co/blFvsFOlef
‚Ä¢
#csm #manga #shonenjump #sj #denji #asamitaka #mitaka #chainsawman101 #csm101 #vizmedia #viz #mangareader #otaku #chainsawmanpart2 #tatsukifujimoto https://t.co/4Xy8rwg8rE",2022-08-02 18:06:09+00:00,,Twitter for iPhone,https://twitter.com/BlueTempest_/status/1554528996603400195
1554540098149961728,byakkomarru,"just you wait chainsaw man. ü™öüßçüèº

#chainsawman #asamitaka #yoru #cosplay #„ÉÅ„Çß„É≥„ÇΩ„Éº„Éû„É≥ #Anitwt https://t.co/xnDqZwMZBi",2022-08-02 18:50:16+00:00,taqi she/her 22,Twitter for iPhone,https://twitter.com/byakkomarru/status/1554540098149961728
1554540646249160704,paintsawman,"We're back with our very first Chainsaw Man Part 2 chapter! Chainsaw Man chapter 98 in full colour, read now here on Twitter! [THREAD üßµ] (1/14)
#chainsawman #„ÉÅ„Çß„É≥„ÇΩ„Éº„Éû„É≥ #csm #asamitaka  #csm98 #csmpart2

imgur link: https://t.co/C23vZ0ZfW8 https://t.co/nY6dYsn3Qd",2022-08-02 18:52:26+00:00,,Twitter Web App,https://twitter.com/paintsawman/status/1554540646249160704
1554543223409893378,Rod_anderis,"The Best Online Manga Courses
üëá
https://t.co/8eDb5LJOjL

#manga #mangaka #mangaart #animeart #animation #personajes #procreate #dibujo #diseno #drawing #drawings #ÁµµÊèè„Åç„Åï„Çì„Å®Áπã„Åå„Çä„Åü„ÅÑ 
 #‰∏≠Â≠¶ÁîüÁµµÊèè„Åç„Åï„Çì„Å®Áπã„Åå„Çä„Åü„ÅÑ
#wardevil #Êà¶‰∫â„ÅÆÊÇ™È≠î #asamitaka #‰∏âÈ∑π„Ç¢„Çµ #chainsawman https://t.co/svw7OBM5XA",2022-08-02 19:02:41+00:00,,Twitter for Android,https://twitter.com/Rod_anderis/status/1554543223409893378
1554544661364183045,Rod_anderis,"The Best Online Manga Courses
üëá
https://t.co/8eDb5LJOjL

#manga #mangaart #animeart #animation #drawings #ÁµµÊèè„Åç„Åï„Çì„Å®Áπã„Åå„Çä„Åü„ÅÑ 
 #‰∏≠Â≠¶ÁîüÁµµÊèè„Åç„Åï„Çì„Å®Áπã„Åå„Çä„Åü„ÅÑ
#wardevil #Êà¶‰∫â„ÅÆÊÇ™È≠î #asamitaka #‰∏âÈ∑π„Ç¢„Çµ 
#chainsawman #indie_anime #2danimation #„ÉÅ„Çß„É≥„ÇΩ„Éº„Éû„É≥ #„ÉÅ„Çß„É≥„ÇΩ„Éº„Éû„É≥2 https://t.co/28t5DMccOx",2022-08-02 19:08:23+00:00,,Twitter for Android,https://twitter.com/Rod_anderis/status/1554544661364183045
1554558723250704385,ampvolvox,"Since I butchered the previous artwork of this character I decided to try again. But because it's not Sunday anymore this one will be covered everywhere besides patreon. Istg its not on purposeüòÖ
#chainsawmanpart2 #chainsawman #chainsawmanfanart #wardevil #asamitaka https://t.co/2FSCogfI9G",2022-08-02 20:04:16+00:00,Ukraine,Twitter Web App,https://twitter.com/ampvolvox/status/1554558723250704385
1554559218908364801,Lom19648360,I tried asa today #„ÉÅ„Çß„É≥„ÇΩ„Ç¶„Éû„É≥ „ÄÄ #chainsawman #asamitaka https://t.co/vWNnbfbcPi,2022-08-02 20:06:14+00:00,,Twitter for Android,https://twitter.com/Lom19648360/status/1554559218908364801
1554573551780380675,sleepyshaynoo,#asamitaka + #yoru perfect girl https://t.co/lXE30hNOnb,2022-08-02 21:03:11+00:00,‚Äî she her 16„Ö§„Ö§„Ö§„Ö§„Ö§„Ö§„Ö§„Ö§„Ö§„Ö§„Ö§„Ö§„Ö§„Ö§„Ö§„Ö§„Ö§„Ö§,Twitter Web App,https://twitter.com/sleepyshaynoo/status/1554573551780380675
1554582290075979779,RogerMayweathe2,"I think the war devil is going to sacrifice Asa Mitaka and turn herself into a super powerful weapon. I think the War Devil is going to get become friends and actually genuinely care for Mitaka, but betray her since the more guilt the war devil feels, the more powerful the weapon https://t.co/ndc6ZLuxE6",2022-08-02 21:37:55+00:00,,Twitter Web App,https://twitter.com/RogerMayweathe2/status/1554582290075979779
1554589159121031169,applejee_,"she‚Äôs pathetic she‚Äôs a loser‚Ä¶‚Ä¶ i didn‚Äôt say her name but she came to mind didn‚Äôt she.

asa mitaka. https://t.co/vJHw82zBZC",2022-08-02 22:05:13+00:00,üá¶üá∫,Twitter for iPhone,https://twitter.com/applejee_/status/1554589159121031169
1554600163435548674,REMWIFEYY,"asa mitaka is gay &amp; in love with yuko its true, she told me herself! https://t.co/dl1HyTc3De",2022-08-02 22:48:56+00:00,all prns ‚Ä¢ lesbian ‚Ä¢ black,Twitter Web App,https://twitter.com/REMWIFEYY/status/1554600163435548674
1554606742641602561,beamreze,she had this long sword all this time asa mitaka is a warrior here wow https://t.co/lYovNOq4J0,2022-08-02 23:15:05+00:00,,Twitter for iPhone,https://twitter.com/beamreze/status/1554606742641602561
1554618438676611073,heshankolitha1,"Asa Mitaka - Chainsaw Man 
What do you guys think of the #youtube thumbnail 

#asamitaka  #chainsawman #wardevil https://t.co/emsl1AZu3Z",2022-08-03 00:01:33+00:00,Sri Lanka,Twitter Web App,https://twitter.com/heshankolitha1/status/1554618438676611073
1554619207828078592,heshankolitha1,"Few variation of Asa Mitaka. Which one do you like?
#„ÉÅ„Çß„É≥„ÇΩ„Éº„Éû„É≥ #chainsawman #manga   
#asamitaka #wardevil https://t.co/kLkeMwd67x",2022-08-03 00:04:37+00:00,Sri Lanka,Twitter Web App,https://twitter.com/heshankolitha1/status/1554619207828078592
1554629288363786245,xGabbyNu,Asa Mitaka for ANYC?? üëÅüëÑüëÅ https://t.co/R2K5LWc7Vt,2022-08-03 00:44:40+00:00,NYC/NJ,Twitter for iPhone,https://twitter.com/xGabbyNu/status/1554629288363786245
1554639709959241728,ArtePanutal,"Six hours 20 minutes &amp; I still didn‚Äôt finish yet 
#Chainsawman #chainsawmanpart2 #asamitaka https://t.co/f8Z2hQKhW7",2022-08-03 01:26:05+00:00,On a phone ,Twitter for iPhone,https://twitter.com/ArtePanutal/status/1554639709959241728
1554642558927650816,MatiComics64,"THE WAR DEVIL 
Asa Mitaka from Chainsaw Man
#„ÉÅ„Çß„É≥„ÇΩ„Éº„Éû„É≥ #chainsawman https://t.co/e9ohyrRDNM",2022-08-03 01:37:24+00:00,"Santiago, Chile",Twitter Web App,https://twitter.com/MatiComics64/status/1554642558927650816
1554646765202452480,hyegumi,"asa mitaka my onglydoople . . .

#chainsawman #„ÉÅ„Çß„É≥„ÇΩ„Éº„Éû„É≥ https://t.co/XVm9kAO3yW",2022-08-03 01:54:07+00:00,she/her,Twitter for Android,https://twitter.com/hyegumi/status/1554646765202452480
1554654312239857664,FACE464,"birth of the war fiend

#chainsawman #fanart #asamitaka https://t.co/Uq4F9Z2Y26",2022-08-03 02:24:06+00:00,,Twitter Web App,https://twitter.com/FACE464/status/1554654312239857664
1554659571301752833,vermilli000n,"I regret how Fujimoto can make Asa Mitaka and Yoru to be likeable duo because I know it's CSM and the first rule reading it is to never have a favorite character, especially if they're girls.",2022-08-03 02:45:00+00:00,,Twitter for Android,https://twitter.com/vermilli000n/status/1554659571301752833
1554666194812096512,jo_isnot_nice,Ordering a mad expensive custom asa mitaka necklace from a artist moot hehehehe v excited!,2022-08-03 03:11:19+00:00,,Twitter for iPhone,https://twitter.com/jo_isnot_nice/status/1554666194812096512
1554666604109377536,Why0hWhyy,"Asa Mitaka and Yoru

The new Shit Twins

Their interactions felt like siblings bickering lmao https://t.co/hK61eCi2bd",2022-08-03 03:12:57+00:00,in a really bad country rn,Twitter for Android,https://twitter.com/Why0hWhyy/status/1554666604109377536
1554668119389777921,phfotograph,nobody's attractive than asa mitaka,2022-08-03 03:18:58+00:00,him,Twitter Web App,https://twitter.com/phfotograph/status/1554668119389777921
1554669108486361088,togetote,#chainsawman wait if she thinks so could she actually be one of the main leads as a devil hunter alongside asa mitaka and won't actually die https://t.co/L12rEvndqp,2022-08-03 03:22:54+00:00,any prns 18 SE asian,Twitter Web App,https://twitter.com/togetote/status/1554669108486361088
1554675487586271233,yuhong_ding,"Thinking about painting a fan art for Makima or Asa Mitaka...
Well i‚Äòm waiting for that spark",2022-08-03 03:48:15+00:00,New York,Twitter for iPhone,https://twitter.com/yuhong_ding/status/1554675487586271233
1554679076249427969,togetote,#chainsawman interpreting this into asa mitaka liking yuko romantically https://t.co/tjB27YEW0Y,2022-08-03 04:02:30+00:00,any prns 18 SE asian,Twitter Web App,https://twitter.com/togetote/status/1554679076249427969
1554687033221808128,KermitsArson,"Just you wait chainsawman 
#asamitaka #chainsawman #chainsawmancosplay https://t.co/BO0o4Iz0pK",2022-08-03 04:34:08+00:00,,Twitter for iPhone,https://twitter.com/KermitsArson/status/1554687033221808128
1554689774975275013,fwoshy,"day 11 | war devil

#„ÉÅ„Çß„É≥„ÇΩ„Éº„Éû„É≥ #chainsawman #asamitaka #wardevil https://t.co/EdvKco7jts",2022-08-03 04:45:01+00:00,San Francisco,Twitter Web App,https://twitter.com/fwoshy/status/1554689774975275013
1554691771145195520,_skitterpan,asa mitaka haters are too weak and will not survive the climate calamity,2022-08-03 04:52:57+00:00,xe/xem/xyr,Twitter for Android,https://twitter.com/_skitterpan/status/1554691771145195520
1554698501480914946,oogaamii,my wig just arrived i can cosplay asa mitaka now https://t.co/M2hhKkerH6,2022-08-03 05:19:42+00:00,bro kaeya is so hmzksk,Twitter for Android,https://twitter.com/oogaamii/status/1554698501480914946
1554709366594752513,shaineyall,"When war devil said ""back away SLOWLY and QUIETLY""

what Asa Mitaka actually did.. ü•≤ #chainsawman https://t.co/uxFq5JcxvQ",2022-08-03 06:02:52+00:00,MANILA üáµüá≠,Twitter for Android,https://twitter.com/shaineyall/status/1554709366594752513
1554710779408302080,ayampedasmcd,me and asa mitaka are just the same fr. lonely and fighting my demons,2022-08-03 06:08:29+00:00,AAAAAAAAAA,Twitter for iPhone,https://twitter.com/ayampedasmcd/status/1554710779408302080
1554716943894032384,danish_fdzl,Might pick up chainsaw man again bcs of asa mitaka alone,2022-08-03 06:32:59+00:00,,Twitter for iPhone,https://twitter.com/danish_fdzl/status/1554716943894032384
1554785907231715328,taorotana,"Yoru The War Devil
#„ÉÅ„Çß„É≥„ÇΩ„Éº„Éû„É≥ #wardevil #chainsawman #asamitaka https://t.co/eGxLssd3Up",2022-08-03 11:07:01+00:00,yor basement,Twitter for iPad,https://twitter.com/taorotana/status/1554785907231715328
1554804046728396803,Rod_anderis,"The Best Online Manga Courses
üëá
https://t.co/8eDb5LJOjL 

#manga #mangaka #mangaart #animeart #animation #personajes #procreate #dibujo #diseno #drawing #drawings #ÁµµÊèè„Åç„Åï„Çì„Å®Áπã„Åå„Çä„Åü„ÅÑ 
 #‰∏≠Â≠¶ÁîüÁµµÊèè„Åç„Åï„Çì„Å®Áπã„Åå„Çä„Åü„ÅÑ
#wardevil #Êà¶‰∫â„ÅÆÊÇ™È≠î #asamitaka #‰∏âÈ∑π„Ç¢„Çµ #chainsawman #art https://t.co/AaSLqhhWb5",2022-08-03 12:19:06+00:00,,Twitter Web App,https://twitter.com/Rod_anderis/status/1554804046728396803
1554806438005972994,hisakawagi,"tw gore + body horror
-
-
-
-
asa mitaka/war devil doing normal devil things 
#„ÉÅ„Çß„É≥„ÇΩ„Éº„Éû„É≥ #chainsawman https://t.co/vsh6WpsXdK",2022-08-03 12:28:36+00:00,,Twitter for iPhone,https://twitter.com/hisakawagi/status/1554806438005972994
1554843733765804032,pencrypt2,"Edited myself as a boy(?) Version of Asa Mitaka from chainsaw man

#chainsawman #MitakaAsa #manipulationedit #ibisPaintX https://t.co/2p8zs9yENa",2022-08-03 14:56:48+00:00,,Twitter for Android,https://twitter.com/pencrypt2/status/1554843733765804032
1554856412773482496,uta_ne03,"Asa Mitaka is giving me LIFE 

#chainsawman #asamitaka #artph #digitalart #chainsawmanfanart #FANART #artists #artmoots https://t.co/jhrq1g39JE",2022-08-03 15:47:11+00:00,,Twitter for Android,https://twitter.com/uta_ne03/status/1554856412773482496
1554861166886653953,fiscjl,ASA MITAKA ARE YOU THE NEW MAKIMA?????? https://t.co/qBkfsQ76YC,2022-08-03 16:06:04+00:00,21 seijoh4,Twitter for iPhone,https://twitter.com/fiscjl/status/1554861166886653953
1554871618530418688,Rosaliebat_,"Just you wait chainsaw man -
#asamitaka #chainsawman #cosplay https://t.co/x4RpohV8In",2022-08-03 16:47:36+00:00,,Twitter for Android,https://twitter.com/Rosaliebat_/status/1554871618530418688
1554882817049624576,ShezTheDoodler,"The war devilüòåüî•
#asamitaka #wardevil #chainsawmanpart2 #chainsawmanfanart #chainsawman #DigitalArtist #digitalpainting https://t.co/QEGWziMQiv",2022-08-03 17:32:06+00:00,,Twitter for Android,https://twitter.com/ShezTheDoodler/status/1554882817049624576
1554883809027403777,vault_psycho,guys should i cosplay asa mitaka or aki to kumoricon this year,2022-08-03 17:36:03+00:00,USA,Twitter for iPhone,https://twitter.com/vault_psycho/status/1554883809027403777
1554894365503496194,LeShortDude,"Yoru, the War Devil
(of course, using her delicious meat puppet, Asa Mitaka)

#chainsawman #chainsawmanfanart #csm„Éó„É©„Çπ #csm #volatilearts #volatile #asamitaka #yoru
#wardevil https://t.co/8j0nAheEjH",2022-08-03 18:17:59+00:00,Fuckersberg,Twitter Web App,https://twitter.com/LeShortDude/status/1554894365503496194
1554896527008612352,lesbiotd,"the first lesbian character otd is Asa Mitaka from Chainsaw Man.
they use she / they / he pronouns and is an agender aroace lesbian
[ headcanon ] https://t.co/req0Cr8fOm",2022-08-03 18:26:35+00:00,they / ve / she / vamp +++,Twitter for iPhone,https://twitter.com/lesbiotd/status/1554896527008612352
1554930626322579457,glucosephobic,war devil #chainsawman #„ÉÅ„Çß„É≥„ÇΩ„Éº„Éû„É≥ #asamitaka https://t.co/EsCnsJ928C,2022-08-03 20:42:05+00:00,,Twitter for iPhone,https://twitter.com/glucosephobic/status/1554930626322579457
1554966366318235653,BerkleyBearNews,Chainsaw Man Cosplay Focuses on The New War Devil https://t.co/0d2S7h3QsZ #cosplay #Manga #Animegenre #ChainsawMan,2022-08-03 23:04:06+00:00,Doghouse,dlvr.it,https://twitter.com/BerkleyBearNews/status/1554966366318235653
1554975125606469632,Cacapi236,"Hand Grenade
#art #chainsawman #wardevil #asamitaka https://t.co/aX2WjfrtQ5",2022-08-03 23:38:54+00:00,Brazil,Twitter for iPad,https://twitter.com/Cacapi236/status/1554975125606469632
1552502966833127424,Izumicos3,"Just you wait, Chainsaw Manüêî #asamitaka #chainsawmanpart2 #devilofwar #MitakaAsa https://t.co/bVnmEKtBR5",2022-07-28 03:55:26+00:00,STAY s·¥õ.,Twitter for Android,https://twitter.com/Izumicos3/status/1552502966833127424
1552638584867282944,dnbooru,"World
#chainsaw_man
Characters
#mitaka_asa
#war_devil_chainsaw_man
Artist
#hanny_uirusu_chan https://t.co/OYDmFAhEkY",2022-07-28 12:54:19+00:00,Tokyo,Danbooru Bot,https://twitter.com/dnbooru/status/1552638584867282944
1552680420377931777,mewnbyul,can the five people who ship hirofumi yoshida and mitaka asa reply to this tweet this is an attendance check,2022-07-28 15:40:34+00:00,"Davao City, Davao Region",Twitter for iPad,https://twitter.com/mewnbyul/status/1552680420377931777
1552699157621510144,enamehaver,"// eye strain , eyestrain

ASA MITAKA | War Devil

#csm #chainsawman #chainsawman2 
#csm„Éó„É©„Çπ #asamitaka #MitakaAsa https://t.co/zNJ2u6dRXH",2022-07-28 16:55:01+00:00,17 ;; he/she/they + ce/ae/it,Twitter for iPhone,https://twitter.com/enamehaver/status/1552699157621510144
1552772147948445697,dnbooru,"World
#chainsaw_man
Characters
#mitaka_asa
#war_devil_chainsaw_man
Artist
#kashiwa_iersansi https://t.co/UkzOVbbp7x",2022-07-28 21:45:03+00:00,Tokyo,Danbooru Bot,https://twitter.com/dnbooru/status/1552772147948445697
1553049191995383808,papples_d,"‚ú®Mitaka Asa‚ú®
Day one of #otakon !!! #csm #csmcosplay #wardevil https://t.co/2vC7cLeyAq",2022-07-29 16:05:56+00:00,,Twitter for iPhone,https://twitter.com/papples_d/status/1553049191995383808
1553341180133269504,HyuhDat,"I thought I would read the manga when I saw her ü•∫
#chainsawman #wardevil #Mitaka #MitakaAsa #digitalpainting #manga https://t.co/TPKhEChPNd",2022-07-30 11:26:11+00:00,Vietnam,Twitter for iPhone,https://twitter.com/HyuhDat/status/1553341180133269504
1553410098411732992,dnbooru,"World
#chainsaw_man
Characters
#mitaka_asa
#war_devil_chainsaw_man
Artist
#mugo0 https://t.co/CSFbAN4iRO",2022-07-30 16:00:03+00:00,Tokyo,Danbooru Bot,https://twitter.com/dnbooru/status/1553410098411732992
1553599678851284992,mitakaeveryday,"she's ma best girl 
#mitaka #MitakaAsa #chainsawmanpart2 #csm„Éó„É©„Çπ #ÿ±ÿ¨ŸÑ_ÿßŸÑŸÖŸÜÿ¥ÿßÿ± https://t.co/dHEVIVSmET",2022-07-31 04:33:22+00:00,,Twitter for iPhone,https://twitter.com/mitakaeveryday/status/1553599678851284992
1553740073145090049,dnjswls1019,"First tweet on twitter!!

Mitaka Asa / ChainsawMan
#mitakaasa #chainsawman #chainsawmanfanart https://t.co/zhcrkwkL7R",2022-07-31 13:51:15+00:00,,Twitter Web App,https://twitter.com/dnjswls1019/status/1553740073145090049
1553829138124967936,dnbooru,"World
#chainsaw_man
Character
#mitaka_asa
Artist
#tefduck https://t.co/SKBu5jBbx1",2022-07-31 19:45:09+00:00,Tokyo,Danbooru Bot,https://twitter.com/dnbooru/status/1553829138124967936
1554581940946206723,bololelo,ChainsawMan¬¥s Thursday #chainsawman #mitaka_asa https://t.co/P4PhDKZcfT,2022-08-02 21:36:32+00:00,Ecuador,Twitter Web App,https://twitter.com/bololelo/status/1554581940946206723
1554610345708331010,dnbooru,"World
#chainsaw_man
Characters
#mitaka_asa
#war_devil_chainsaw_man
Artist
#sleepless_wrysmile https://t.co/KvyjW9JgtN",2022-08-02 23:29:24+00:00,Tokyo,Danbooru Bot,https://twitter.com/dnbooru/status/1554610345708331010
1554843733765804032,pencrypt2,"Edited myself as a boy(?) Version of Asa Mitaka from chainsaw man

#chainsawman #MitakaAsa #manipulationedit #ibisPaintX https://t.co/2p8zs9yENa",2022-08-03 14:56:48+00:00,,Twitter for Android,https://twitter.com/pencrypt2/status/1554843733765804032
1554618677701423104,AxiVaughn,"There is so much to talk about in Chapter 101 of Chainsaw man. For example, are orphaned children (Being a common occurance) government funded?
Or how strong is the War Devil really if it can't take on the Bat Devil which Denji beat early in his career?

https://t.co/5zBkuuk9TV https://t.co/dQXA7nOfEQ",2022-08-03 00:02:30+00:00,,Twitter Web App,https://twitter.com/AxiVaughn/status/1554618677701423104
1554619207828078592,heshankolitha1,"Few variation of Asa Mitaka. Which one do you like?
#„ÉÅ„Çß„É≥„ÇΩ„Éº„Éû„É≥ #chainsawman #manga   
#asamitaka #wardevil https://t.co/kLkeMwd67x",2022-08-03 00:04:37+00:00,Sri Lanka,Twitter Web App,https://twitter.com/heshankolitha1/status/1554619207828078592
1554621358998519808,arthickmonkeys,"the war devil. 

#„ÉÅ„Çß„É≥„ÇΩ„Éº„Éû„É≥ #chainsawmanfanart https://t.co/7gtuwriEA7",2022-08-03 00:13:10+00:00,,Twitter for iPhone,https://twitter.com/arthickmonkeys/status/1554621358998519808
1554622569344794624,hyegumi,mitaka should always be scared so the war devil cant take over /hj,2022-08-03 00:17:58+00:00,she/her,Twitter for Android,https://twitter.com/hyegumi/status/1554622569344794624
1554623086644936704,ScreenRantComic,Chapter 100 of Chainsaw Man portrays the War Devil in a very different light as opposed to how she was originally introduced. There must be a reason. https://t.co/4UGK81cs15 https://t.co/C0Bjy9HlDs,2022-08-03 00:20:02+00:00,,Buffer,https://twitter.com/ScreenRantComic/status/1554623086644936704
1554626329558937600,lonehuman123,"Sigh 4 ANY 1 to ask, ""How can THEY (of TOP-down Power, etc anywhere USA-globally fill in blanks) do this-that""; NONE, sigh LITERALLY can SELF deem having ANY luxury 2 not acknowledge, (?) else of past-2 date, OH IT'S JUST DONE via this Holy War Devil started! OH IT'S HAPPENING!",2022-08-03 00:32:55+00:00,dying non human innocent Earth,Twitter Web App,https://twitter.com/lonehuman123/status/1554626329558937600
1554628655220871168,hoIocides,licherally in love with war devil,2022-08-03 00:42:09+00:00,ur moms house,Twitter for iPhone,https://twitter.com/hoIocides/status/1554628655220871168
1554631059140132867,Bluespicelatte,My take on the War devil ü´£ #wardevil #chainsawman #wardevilcosplay https://t.co/kwaVnklxib,2022-08-03 00:51:42+00:00,,Twitter for iPhone,https://twitter.com/Bluespicelatte/status/1554631059140132867
1554633777237958656,allianceofalex,Fujimoto when fans are wondering when Denji is going to take over #chainsawman #denji #wardevil https://t.co/L5oHu1C4qq,2022-08-03 01:02:30+00:00,The Sea of Souls,Twitter for iPhone,https://twitter.com/allianceofalex/status/1554633777237958656
1554637680050405376,AzureCrowDJ,Head canon is that Asa has a normal ass voice but war devil has a calm sorta deep male voice https://t.co/9YbcWa58Tf,2022-08-03 01:18:01+00:00,Professional Hater,Twitter for Android,https://twitter.com/AzureCrowDJ/status/1554637680050405376
1554642558927650816,MatiComics64,"THE WAR DEVIL 
Asa Mitaka from Chainsaw Man
#„ÉÅ„Çß„É≥„ÇΩ„Éº„Éû„É≥ #chainsawman https://t.co/e9ohyrRDNM",2022-08-03 01:37:24+00:00,"Santiago, Chile",Twitter Web App,https://twitter.com/MatiComics64/status/1554642558927650816
1554643865126051840,AxsisRosales,"I wouldn't mind the War Devil being the main character, denji missing is the funniest shit lol.",2022-08-03 01:42:35+00:00,seaside ca,Twitter Web App,https://twitter.com/AxsisRosales/status/1554643865126051840
1554648905123495936,Rion_Riots,war devil #DigitalArtist #chainsawman #chainsawmanpart2 https://t.co/gHGWiXNzzd,2022-08-03 02:02:37+00:00,üá∫üáæ Any pronouns,Twitter for iPad,https://twitter.com/Rion_Riots/status/1554648905123495936
1554650337994280962,chuuyaswims,ik shes not using it as slang but the war devil calling mitaka ‚Äògirl‚Äô is so funny to me,2022-08-03 02:08:19+00:00,he/him ‚Ä¢ twenty ‚Ä¢ eng/fr,Twitter for iPhone,https://twitter.com/chuuyaswims/status/1554650337994280962
1554650525530210304,hyegumi,"so since the closer the war devil's relationship is with a person the stronger the weapon will be,, this is finally the reason yall have been waiting for of why fujimoto is taking time to flesh out characters and friendships #chainsawman #„ÉÅ„Çß„É≥„ÇΩ„Éº„Éû„É≥",2022-08-03 02:09:03+00:00,she/her,Twitter for Android,https://twitter.com/hyegumi/status/1554650525530210304
1554661983932366848,d00mtech,Asa talking to the War Devil https://t.co/5QEjwoOQJi,2022-08-03 02:54:35+00:00,11.20.20,Twitter for iPhone,https://twitter.com/d00mtech/status/1554661983932366848
1554662017306628097,wbyoru,war devil's new name is Yoru üò≥,2022-08-03 02:54:43+00:00,"Imus, Cavite",Twitter for Android,https://twitter.com/wbyoru/status/1554662017306628097
1554662348795056128,Miagichan,"Here I am wishing Yuko not to be killed yet the war devil already planned to make her a weaponüíÄ
#chainsawman101 #chainsawmanspoilers https://t.co/Z6Lpbc6zed",2022-08-03 02:56:02+00:00,Philippines,Twitter for Android,https://twitter.com/Miagichan/status/1554662348795056128
1554662611186098176,transientcaress,"New csm chapter spoilers:
When war devil says something along the lines of ‚Äúthe guiltier you feel about turning someone into a weapon, the stronger it is.‚Äù 
‚Ä¶ does the war devil feel guilt then?",2022-08-03 02:57:05+00:00,any prounouns | 20,Twitter for iPhone,https://twitter.com/transientcaress/status/1554662611186098176
1554663000686170113,halo2forthexbox,I love you war devil https://t.co/KmCLKloFvN,2022-08-03 02:58:38+00:00,she/her black,Twitter for iPhone,https://twitter.com/halo2forthexbox/status/1554663000686170113
1554670158559453185,HeroOfHxll,"Agitating the war devil.

Let's go. https://t.co/ggU7AviGVb",2022-08-03 03:27:04+00:00,,Twitter for Android,https://twitter.com/HeroOfHxll/status/1554670158559453185
1554672510301376513,Tessiatana,asa was such a plain girl until war devil/yoru happens,2022-08-03 03:36:25+00:00,,Twitter for Android,https://twitter.com/Tessiatana/status/1554672510301376513
1554674776605659136,xhansss,"I love the paneling for Asa(left) and the war devil(right) talking, the mirroring between both characters and assigning one side of the face for the respective characters prevents any confusion https://t.co/R4xmXSxBcW",2022-08-03 03:45:25+00:00,,Twitter for iPhone,https://twitter.com/xhansss/status/1554674776605659136
1554675895704616960,binnyrin,"me reading that the war devil can‚Äôt take over when mitaka is scared shitless: o thank god

me realizing how that can and will be used for emotional damage: wait",2022-08-03 03:49:52+00:00,Inaba,Twitter for iPhone,https://twitter.com/binnyrin/status/1554675895704616960
1554676035421376512,xhieyu,war devil being a war devil https://t.co/qhqFED0u5y,2022-08-03 03:50:25+00:00,she her,Twitter for Android,https://twitter.com/xhieyu/status/1554676035421376512
1554683003858694144,J0hnnyStar,"What‚Äôs more fun to say?‚≠êÔ∏è

War Devil 

Or

Yoru? https://t.co/m8RzdqNPMj",2022-08-03 04:18:07+00:00,Donkey Kong Country,Twitter for iPhone,https://twitter.com/J0hnnyStar/status/1554683003858694144
1554684214062157824,shotaromoves,When they change war devil to yoru cause yoru means night and asa means morning This is cinema martin scorsese,2022-08-03 04:22:55+00:00,,Twitter for iPhone,https://twitter.com/shotaromoves/status/1554684214062157824
1554684484397645825,ohsnips,i remember that one tweet where it said war devil is sukuna if he slayed üò≠,2022-08-03 04:24:00+00:00,23 ‚Ä¢ she/her,Twitter for iPhone,https://twitter.com/ohsnips/status/1554684484397645825
1554688863271936002,sleepdeeper,I know for a fact some of y‚Äôall be having those inner thoughts like the war devil in the recent CSM chapter.,2022-08-03 04:41:24+00:00,Somewhere,Twitter for iPhone,https://twitter.com/sleepdeeper/status/1554688863271936002
1554689774975275013,fwoshy,"day 11 | war devil

#„ÉÅ„Çß„É≥„ÇΩ„Éº„Éû„É≥ #chainsawman #asamitaka #wardevil https://t.co/EdvKco7jts",2022-08-03 04:45:01+00:00,San Francisco,Twitter Web App,https://twitter.com/fwoshy/status/1554689774975275013
1554691121183223809,dilucsdoormat,I LOVE THE WAR DEVIL SO MUCH https://t.co/YhM0Bp7tzq,2022-08-03 04:50:22+00:00,this is ara,Twitter for iPhone,https://twitter.com/dilucsdoormat/status/1554691121183223809
1554695102546706432,hikalover,i need an official colored csm pt2 panel so i can see what color war devil‚Äôs eyes are bc.. if i wanna cosplay her idk if i should wear yellow or red or some other color,2022-08-03 05:06:11+00:00,"‚òÜ 17 she her ! .À≥‚Å∫
÷¥÷∂÷∏ ‡£™‚ú¶ anime & manga",Twitter for iPhone,https://twitter.com/hikalover/status/1554695102546706432
1554702483389353986,kawaiikurwa,War Devil https://t.co/WmbdgkqW6l,2022-08-03 05:35:31+00:00,Illinois,Twitter Web App,https://twitter.com/kawaiikurwa/status/1554702483389353986
1554709366594752513,shaineyall,"When war devil said ""back away SLOWLY and QUIETLY""

what Asa Mitaka actually did.. ü•≤ #chainsawman https://t.co/uxFq5JcxvQ",2022-08-03 06:02:52+00:00,MANILA üáµüá≠,Twitter for Android,https://twitter.com/shaineyall/status/1554709366594752513
1554711362856697857,HeyLookEgg,"I like how the War Devil goes by Yoru not only bc it means night and is the opposite of Mitaka's name (Asa, which means day) but I'm willing to bet it's also bc its original form is a square little owl https://t.co/quMpDWjHpt",2022-08-03 06:10:48+00:00,,Twitter for Android,https://twitter.com/HeyLookEgg/status/1554711362856697857
1554712203865247744,radiomusings,#CSMspoilers theyre actually becoming... friends? acquaintances? i hv no idea whats gonna happen to asa ü•π tho i hv to say yoru/war devil is super fucking compelling i love her https://t.co/B2hmjLsm5o,2022-08-03 06:14:09+00:00,,Twitter for iPhone,https://twitter.com/radiomusings/status/1554712203865247744
1554718308552740870,chambernova,"angel devil, war devil, octopus devil. i am what the kids say fomo. ü•Ä",2022-08-03 06:38:24+00:00,"SUPERNOVA, 28 (23) he/him, nd.",Twitter for Android,https://twitter.com/chambernova/status/1554718308552740870
1554718501059067904,blowsamu,guys i really like yoru/war devil n i hope that csm p2 is all about her,2022-08-03 06:39:10+00:00,,Twitter for iPhone,https://twitter.com/blowsamu/status/1554718501059067904
1554730471661211649,LilyHorny13,"CHAINSAW MAN SPOILERS KIND OF, NOT TOO BIG THO

I'm gonna be honest with you, I'd let the War Devil turn me into a weapon. That's hot to me.",2022-08-03 07:26:44+00:00,England (Unfortunately),Twitter Web App,https://twitter.com/LilyHorny13/status/1554730471661211649
1554733328749969408,_riribot,i like how the war devil is cooperative now  but i know theyre gon betray asa sooner or later and thats a kind of conflict im interested to see,2022-08-03 07:38:05+00:00,s/h ‚Ä¢ 22,Twitter for iPhone,https://twitter.com/_riribot/status/1554733328749969408
1554742605795037184,PonyTheHorse,"Pochita and Yuru seem to be opposites in a lot of ways... Denji is the one who Saved Pochita, War Devil/Yuru saves Asa. Pochita is Denji's buddy and gave himself up so Denji could make his own choices, Yuru will take control whenever they feel it required.",2022-08-03 08:14:57+00:00,"Earth, I think?",Twitter Web App,https://twitter.com/PonyTheHorse/status/1554742605795037184
1554745158419480576,nayou_dna,"war maid

#„ÉÅ„Çß„É≥„ÇΩ„Éº„Éû„É≥ #chainsawman #chainsawmanfanart  #wardevil #yoru https://t.co/zhbOch8zHK",2022-08-03 08:25:06+00:00,,Twitter Web App,https://twitter.com/nayou_dna/status/1554745158419480576
1554748353224683520,welovelookism,"#ChainsawMan CHAPTER 101 ‚ÄºÔ∏è

WAR DEVIL: I KNOW WHAT YOU ARE ü§® https://t.co/EgemeHZQH0",2022-08-03 08:37:47+00:00,343 DAYS WITHOUT JAY HONG,Twitter for Android,https://twitter.com/welovelookism/status/1554748353224683520
1554749573939216385,rainyxink,"y‚Äôall think makima and yoru used to date? that‚Äôd be funny, but also not out place. the war devil and control devil, the literal opposites of one another. oh I can sense a tragic love story for yoru specifically there.",2022-08-03 08:42:38+00:00,aroace - 23 - rey,Twitter for iPhone,https://twitter.com/rainyxink/status/1554749573939216385
1554752113233629186,WAREMBODIED,"ooc.

War Devil is such a gigantic dork but she'll also tenderize you, so like, c'mon now;;;",2022-08-03 08:52:44+00:00,,Twitter for Android,https://twitter.com/WAREMBODIED/status/1554752113233629186
1554774749838032896,xiiehua,maybe ill do the war devil bc shes so pretty and hits different,2022-08-03 10:22:41+00:00,19 | any prns | infj,Twitter for iPhone,https://twitter.com/xiiehua/status/1554774749838032896
1554778045512400896,epppyyy,The War Devil when Asa finally makes a friend https://t.co/9XeqPwYl6R,2022-08-03 10:35:47+00:00,India,Twitter for Android,https://twitter.com/epppyyy/status/1554778045512400896
1554785907231715328,taorotana,"Yoru The War Devil
#„ÉÅ„Çß„É≥„ÇΩ„Éº„Éû„É≥ #wardevil #chainsawman #asamitaka https://t.co/eGxLssd3Up",2022-08-03 11:07:01+00:00,yor basement,Twitter for iPad,https://twitter.com/taorotana/status/1554785907231715328
1554786992864591872,LuceLoveLace,Chainsaw Man Part 2 has been delightful so far. I really love how the War Devil is called Yoru which means Nightüåô  to contrast the fact that Asa means Morning‚òÄÔ∏èin Japanese üëØ‚Äç‚ôÄÔ∏è #„ÉÅ„Çß„É≥„ÇΩ„Éº„Éû„É≥ https://t.co/8yU67ciGpt,2022-08-03 11:11:20+00:00,United Kingdom,Twitter for iPhone,https://twitter.com/LuceLoveLace/status/1554786992864591872
1554793736940359680,NotMiguaBadua,"Bro I'm so fucking thankful for the War Devil or Yoru in Chainsaw Man, the scar and her introduction chapter was so fucking good. I'm in love",2022-08-03 11:38:08+00:00,,Twitter Web App,https://twitter.com/NotMiguaBadua/status/1554793736940359680
1554803609065426944,Rod_anderis,"The Best Online Procreate Courses
üëá
https://t.co/E4QxVu177I 

#Êà¶‰∫â„ÅÆÊÇ™È≠î #„ÉÅ„Çß„É≥„ÇΩ„Éº„Éû„É≥ #„ÉÅ„Çß„É≥„ÇΩ„Éº„Éû„É≥2ÈÉ® #csm #chainsawman #chainsawmanfanart #wardevil #manga #Áµµ #illust #art #artwork #illustration #AI #CSP #digitalart #procreate #„ÅÑ„Çâ„Åô„Å® #„Ç§„É©„Çπ„Éà https://t.co/HUHINCZND2",2022-08-03 12:17:21+00:00,,Twitter Web App,https://twitter.com/Rod_anderis/status/1554803609065426944
1554804046728396803,Rod_anderis,"The Best Online Manga Courses
üëá
https://t.co/8eDb5LJOjL 

#manga #mangaka #mangaart #animeart #animation #personajes #procreate #dibujo #diseno #drawing #drawings #ÁµµÊèè„Åç„Åï„Çì„Å®Áπã„Åå„Çä„Åü„ÅÑ 
 #‰∏≠Â≠¶ÁîüÁµµÊèè„Åç„Åï„Çì„Å®Áπã„Åå„Çä„Åü„ÅÑ
#wardevil #Êà¶‰∫â„ÅÆÊÇ™È≠î #asamitaka #‰∏âÈ∑π„Ç¢„Çµ #chainsawman #art https://t.co/AaSLqhhWb5",2022-08-03 12:19:06+00:00,,Twitter Web App,https://twitter.com/Rod_anderis/status/1554804046728396803
1554806438005972994,hisakawagi,"tw gore + body horror
-
-
-
-
asa mitaka/war devil doing normal devil things 
#„ÉÅ„Çß„É≥„ÇΩ„Éº„Éû„É≥ #chainsawman https://t.co/vsh6WpsXdK",2022-08-03 12:28:36+00:00,,Twitter for iPhone,https://twitter.com/hisakawagi/status/1554806438005972994
1554807561785729024,loveabyssal,My name is War Devil! Die for my warm-up kill!,2022-08-03 12:33:04+00:00,ic: mazamuno ‚Üí qt count: 49,"Cheap Bots, Done Quick!",https://twitter.com/loveabyssal/status/1554807561785729024
1554810721430552576,mxlvlxn,war devil so bad bro https://t.co/dVT9GzdhO8,2022-08-03 12:45:37+00:00,"South Carolina, USA",Twitter for iPhone,https://twitter.com/mxlvlxn/status/1554810721430552576
1554823593057570817,camthecoolness,The recent chapters of Chainsaw Man have been super good especially since we see everything from a different perspective. Asa and the war devil make for a good new beginning of the story https://t.co/xd6qn7wILm,2022-08-03 13:36:46+00:00,,Twitter for iPhone,https://twitter.com/camthecoolness/status/1554823593057570817
1554823774620753920,yaiisle,I just realized I named the war devil mitaka back then one of my posts on my art acc,2022-08-03 13:37:29+00:00,haru's lap,Twitter for Android,https://twitter.com/yaiisle/status/1554823774620753920
1554824054980616192,noorazhr,goin to war in war devil's pussy,2022-08-03 13:38:36+00:00,addy,Twitter Web App,https://twitter.com/noorazhr/status/1554824054980616192
1554835728076800000,HidTham18,War Devil üî• https://t.co/fCXk4lFzH6,2022-08-03 14:24:59+00:00,,Twitter for Android,https://twitter.com/HidTham18/status/1554835728076800000
1554839426076798976,thymoon_,ngl i'm getting attached to war devil üò´,2022-08-03 14:39:41+00:00,she/her ‚Ä¢ 27 ,Twitter for Android,https://twitter.com/thymoon_/status/1554839426076798976
1554839766516072448,samsonet3,"I want more events where two people have a fight and make it everyone else‚Äôs problem. See: Civil War, Devil‚Äôs Reign",2022-08-03 14:41:02+00:00,Art: Bob Quinn & Pete Pantazis,Twitter for iPhone,https://twitter.com/samsonet3/status/1554839766516072448
1554845063041224706,WAREMBODIED,"ooc.

CSM 101 Spoilers.

Not that it really matters, but you can refer to my muse as War Devil or Yoru; I do not care. I will keep going with WD personally unless it's with an Asa but either way I don't care. ü´°",2022-08-03 15:02:05+00:00,,Twitter for Android,https://twitter.com/WAREMBODIED/status/1554845063041224706
1554848638060224518,ItzCaptMontz,The war devil‚Äôs name was Yoru ‚ù§Ô∏èü´∂‚ù§Ô∏è,2022-08-03 15:16:17+00:00,Cave,Twitter for iPhone,https://twitter.com/ItzCaptMontz/status/1554848638060224518
1554851753723453440,metaandpotatoes,"war devil's like ""shit""",2022-08-03 15:28:40+00:00,25+ they/them/meta,Twitter Web App,https://twitter.com/metaandpotatoes/status/1554851753723453440
1554852067809837056,slashtagon,war devil is so homophobic for stepping between asa and yuko ...,2022-08-03 15:29:55+00:00,she/her,Twitter for Android,https://twitter.com/slashtagon/status/1554852067809837056
1554853784731676672,naaatttt14,So war devil's called Yoru.. That's also the name of Mihawk's sword,2022-08-03 15:36:44+00:00,,Twitter for Android,https://twitter.com/naaatttt14/status/1554853784731676672
1554862755424993280,hiddenjaundice,War devil played mgs3 and was like damn it was so cool when naked snake was forced to fight and kill his mentor because of geopolitical circumstances,2022-08-03 16:12:23+00:00,,Twitter for Android,https://twitter.com/hiddenjaundice/status/1554862755424993280
1554862993074266113,Chaosdunk_,War Devil https://t.co/nZFfFGiCjC,2022-08-03 16:13:20+00:00,"Buenos Aires, Argentina",Twitter for Android,https://twitter.com/Chaosdunk_/status/1554862993074266113
1554863317411315715,mitakalover,"The name Yoru means ,,night'' which makes sense because Asa's life, since meeting War Devil, has been shrouded in darkness.
Btw ,,Yoru'' sounds so coolüåÉ
#chainsawman101 #chainsawman #Mitaka https://t.co/gjT2rCLIfb",2022-08-03 16:14:37+00:00,Polska,Twitter Web App,https://twitter.com/mitakalover/status/1554863317411315715
1554869346039742466,mitakalover,"This chapter gives a whole lot of information regarding War Devil's power. There appear to be some gaps in her control of the body. I wonder if during other extreme emotions like wrath or happiness Yoru will also be unable to take over Mitaka's body.
#chainsawman101 #chainsawman https://t.co/s0KLVexnse",2022-08-03 16:38:34+00:00,Polska,Twitter Web App,https://twitter.com/mitakalover/status/1554869346039742466
1554872970186670080,oruku_ryuko,""" War devil "" inspired by @sennavii  cosplay .... the moment i saw her cosplay i knew i had to make a fanart of this ü§©
.
.
.
#anime #animegirl #csm #chainsawman #makima #cosplay #art #fanart #instagood #digitalart #denji #power https://t.co/wrN0v7GtlH",2022-08-03 16:52:58+00:00,,Twitter for Android,https://twitter.com/oruku_ryuko/status/1554872970186670080
1554882287300386816,SK_Anime_,"Man Chapter 101 Fans witness Asa and Yuko's first encounter with the Devil.üò≤ Follow us for more Anime news and updates.
https://t.co/AQmwLzJ0Yt 
.
#chainsawman #chainsawman101 #wardevil #chainsawman2 #manga #anime https://t.co/5R5wVc2YQF",2022-08-03 17:30:00+00:00,United States,Twitter Web App,https://twitter.com/SK_Anime_/status/1554882287300386816
1554882817049624576,ShezTheDoodler,"The war devilüòåüî•
#asamitaka #wardevil #chainsawmanpart2 #chainsawmanfanart #chainsawman #DigitalArtist #digitalpainting https://t.co/QEGWziMQiv",2022-08-03 17:32:06+00:00,,Twitter for Android,https://twitter.com/ShezTheDoodler/status/1554882817049624576
1554885777611685888,origamhi,there is NOBODY and i mean NOBODY i could think of who could fit mitaka / war devil more than miss shin ryujin https://t.co/4DrYiGNCT4,2022-08-03 17:43:52+00:00,"
writer's account, he/they, 21, agender

Ah, yes, I have a new contract here. 
Care to take a look at it together ? 

ic: mob110119
„Ö§",Twitter for iPhone,https://twitter.com/origamhi/status/1554885777611685888
1554886230567014400,voidfrequency,"the way the War Devil casually chose her name as ""Night"" is one of the most subtly badass things from CSM",2022-08-03 17:45:40+00:00,,Twitter for Android,https://twitter.com/voidfrequency/status/1554886230567014400
1554894365503496194,LeShortDude,"Yoru, the War Devil
(of course, using her delicious meat puppet, Asa Mitaka)

#chainsawman #chainsawmanfanart #csm„Éó„É©„Çπ #csm #volatilearts #volatile #asamitaka #yoru
#wardevil https://t.co/8j0nAheEjH",2022-08-03 18:17:59+00:00,Fuckersberg,Twitter Web App,https://twitter.com/LeShortDude/status/1554894365503496194
1554894638393266176,misakagatari,"Chainsaw Man 101, i really love this manga man.

Asa and The War Devil aka Yoru from now on are slowly growing into having an absolutely amazing dynamic. 
I love how their personalities bounce off each other. https://t.co/ZclQpc2dsg",2022-08-03 18:19:04+00:00,99th Class,Twitter for iPhone,https://twitter.com/misakagatari/status/1554894638393266176
1554895570015117313,donttakeabreak,"yet another interesting chapter, i like how their relationship is progressing, seeing war devil be considerate and not overly dominant for once was refreshing. 
She says it's to serve her quest, allowing Asa to change the subject to have her co-operation but + https://t.co/39ppVMhWPT",2022-08-03 18:22:47+00:00,Underworld ,Twitter Web App,https://twitter.com/donttakeabreak/status/1554895570015117313
1554897255332605952,remxkes,ditching the war devil pfp because hooked on you got released,2022-08-03 18:29:28+00:00,she/they||pansex,Twitter Web App,https://twitter.com/remxkes/status/1554897255332605952
1554899790751641600,DENJIMOM,war devil is a comedian actually lol https://t.co/D9yQ5yPA6v,2022-08-03 18:39:33+00:00,23 lesbian mex,Twitter for iPhone,https://twitter.com/DENJIMOM/status/1554899790751641600
1554900119211765760,DENJIMOM,"i actually really like the dynamic between war devil and asa, they‚Äôre funny together lol",2022-08-03 18:40:51+00:00,23 lesbian mex,Twitter for iPhone,https://twitter.com/DENJIMOM/status/1554900119211765760
1554906953784107016,revuecore,MY war devil is an ugly man &lt;3 https://t.co/L7ag3inpp7,2022-08-03 19:08:01+00:00,,Twitter for Android,https://twitter.com/revuecore/status/1554906953784107016
1554911168245796865,StellaChuuuuu,"Can‚Äôt wait for Chainsaw Man con I MEAN Crunchyroll Expo this weekend.  

Here‚Äôs my cosplay lineup. Makima, War Devil, Bomb Devil. https://t.co/ZQLLK0X5TH",2022-08-03 19:24:46+00:00,"Los Angeles, CA",Twitter for iPhone,https://twitter.com/StellaChuuuuu/status/1554911168245796865
1554912854242910208,kimyongTAM,I‚Äôm starting to like the War devil and Asa üò≠üò≠ #MANGA_Plus Chainsaw Man https://t.co/MfdI9VhYQE,2022-08-03 19:31:27+00:00,Kwangya ,Twitter for iPhone,https://twitter.com/kimyongTAM/status/1554912854242910208
1554922486956974080,GoingToKourt,I just realized that Asa is being controlled by the War devil‚Ä¶ as in one of the Four Horsemen‚Ä¶ https://t.co/cvgRtgSLZI,2022-08-03 20:09:44+00:00,,Twitter for iPhone,https://twitter.com/GoingToKourt/status/1554922486956974080
1554929952688328704,Sufferent,"Understanding the War Devil is going to be a lot more complex than we thought, but starting off with a name is a good place to start.

I Love Chainsaw Man Part 2 For This
https://t.co/0S4u2sXcb3 https://t.co/6AieJujtSM",2022-08-03 20:39:24+00:00,Australia,Twitter Web App,https://twitter.com/Sufferent/status/1554929952688328704
1554930626322579457,glucosephobic,war devil #chainsawman #„ÉÅ„Çß„É≥„ÇΩ„Éº„Éû„É≥ #asamitaka https://t.co/EsCnsJ928C,2022-08-03 20:42:05+00:00,,Twitter for iPhone,https://twitter.com/glucosephobic/status/1554930626322579457
1554944983085584385,CSPerfectShot,Nice name choice for the war devil tbh. https://t.co/pZYKTMdExn,2022-08-03 21:39:08+00:00,,Twitter for iPhone,https://twitter.com/CSPerfectShot/status/1554944983085584385
1554947696753946629,TheNav2113,"Got some new contacts for the War Devil from Chainsaw Man. 
#chainsawman #wardevil https://t.co/e1LZiDlLml",2022-08-03 21:49:55+00:00,"Irvine, CA",Twitter for Android,https://twitter.com/TheNav2113/status/1554947696753946629
1554961835010719745,rxxcal,"im an asa kinnie but not in the i have a cool war devil possessing me kind of way but in the im an awkward teen with crippling anxiety and inability to make friends type of way. 

#csm100 #csm101 #chainsawmanpart2 #csm",2022-08-03 22:46:05+00:00,edtwt | they/them | bmi 20.1,Twitter for iPhone,https://twitter.com/rxxcal/status/1554961835010719745
1554966366318235653,BerkleyBearNews,Chainsaw Man Cosplay Focuses on The New War Devil https://t.co/0d2S7h3QsZ #cosplay #Manga #Animegenre #ChainsawMan,2022-08-03 23:04:06+00:00,Doghouse,dlvr.it,https://twitter.com/BerkleyBearNews/status/1554966366318235653
1554975125606469632,Cacapi236,"Hand Grenade
#art #chainsawman #wardevil #asamitaka https://t.co/aX2WjfrtQ5",2022-08-03 23:38:54+00:00,Brazil,Twitter for iPad,https://twitter.com/Cacapi236/status/1554975125606469632
1554978554999234562,Sofosart,yoru the war devil https://t.co/r410aLHqhX,2022-08-03 23:52:32+00:00,he/him el,Twitter for Android,https://twitter.com/Sofosart/status/1554978554999234562
1554981413467918337,ComicBookNOW,"CHAINSAW MAN Gives the WAR DEVIL a New Name: 

https://t.co/iVilmVRoXr https://t.co/oLCjokT7Ot",2022-08-04 00:03:53+00:00,Barb deserved better,TweetDeck,https://twitter.com/ComicBookNOW/status/1554981413467918337
1554981943787212802,comicbookanime,"#ChainsawMan's newest chapter has given the War Devil a new name: 

https://t.co/Sw04uQA3sh https://t.co/C6dtP0tvaR",2022-08-04 00:06:00+00:00,The Hidden Leaf Village,TweetDeck,https://twitter.com/comicbookanime/status/1554981943787212802
1554982698736709632,ComicBook,"#ChainsawMan's newest chapter has given the War Devil a new name: 

https://t.co/Ior1nd34BE https://t.co/571Ovv3dBa",2022-08-04 00:09:00+00:00,,TweetDeck,https://twitter.com/ComicBook/status/1554982698736709632
1554987510148648960,bryan3274n,Chainsaw Man Gives the War Devil a New Name https://t.co/3Rdio5VX5J https://t.co/1HaP9g3Y4b,2022-08-04 00:28:07+00:00,,dlvr.it,https://twitter.com/bryan3274n/status/1554987510148648960
1554988723921494016,SeductiveBenene,"MY NAME IS WAR DEVIL,
DIE FOR MY WARMUP KILL

#„ÉÅ„Çß„É≥„ÇΩ„Éº„Éû„É≥
#chainsawman https://t.co/yNZfrf98l7",2022-08-04 00:32:56+00:00,in bed pls let me sleep 10 mor,Twitter Web App,https://twitter.com/SeductiveBenene/status/1554988723921494016
1554992153029267456,H1ghOnBoba,"""I am the war devil. I claimed your body"" 
 #ChainsawMan #„ÉÅ„Çß„É≥„ÇΩ„Éº„Éû„É≥ https://t.co/MSmpA33aTP",2022-08-04 00:46:34+00:00,16‚Üë/she/her,Twitter for Android,https://twitter.com/H1ghOnBoba/status/1554992153029267456
